Brand Name,Name of the Product,price,Return/Exchange,Expected Delivery,Availability,Product URL
Kadence,"Kadence rosewood Guitar Frontier Series, Electric Acoustic Black Guitar With EQ, Die Cast Keys, Set Of Strings, Strap, Picks And Bag (Black EQ, Electric Acoustic)","5,399",7 days Replacement,"Saturday, 8 June",In stock,https://www.amazon.in/sspa/click?ie=UTF8&spc=MTo2MjcxMjU4NDI1MTU4MTU0OjE3MTc0MTM1ODM6c3BfYXRmOjMwMDAxNTUzNzk3OTIzMjo6MDo6&url=%2FKadence-Frontier-Acoustic-Guitar-Strings%2Fdp%2FB078GTJP5Y%2Fref%3Dsr_1_1_sspa%3Fcrid%3D1AK26YBQS39DZ%26dib%3DeyJ2IjoiMSJ9.H_dE0w8OHcmESxseNpLSv9VHAFZGAvnjiXP1ErC8wMb9qb2hwy7IU8xDKV0gPxtM5vblgBWj7EDxKlr338R-4kZ1boCfCg2_zLLmUzUPYSez5ORfZN8kxvWumuZytHYyRDHJ8UTu2lD1djyQau7Ce7b9WaAHd16INWZSKLVOdpNCXJmKds84xUnOAA_oBNQK_gKYjqaV9_vgfWmYIhTvXHEPFprasP5XHeNE9rqlcMpKq8NrRmCTzW_a6jrc61o0kpL81ZFix65hPsDy10kXdvLxJXqPKyRsgOTPqd5jhDw.AGpC5BDJOaluQuT07aqpxHl1wDcZIv1Mg77KSI702gs%26dib_tag%3Dse%26keywords%3Dguitar%26qid%3D1717413583%26sprefix%3D%252Caps%252C212%26sr%3D8-1-spons%26sp_csd%3Dd2lkZ2V0TmFtZT1zcF9hdGY%26psc%3D1
Kadence,"Kadence Frontier guitar with Online Guitar learning course , Wine Red Acoustic Guitar with Die Cast Keys, Set of Strings, Strap, Picks and Bag (Wine Red, Acoustic)","4,899",7 days Replacement,"Saturday, 8 June",In stock,https://www.amazon.in/sspa/click?ie=UTF8&spc=MTo2MjcxMjU4NDI1MTU4MTU0OjE3MTc0MTM1ODM6c3BfYXRmOjIwMDk2NjA4NzUwNDk4OjowOjo&url=%2FKadence-Frontier-Acoustic-Guitar-Strings%2Fdp%2FB01GDZ46AA%2Fref%3Dsr_1_2_sspa%3Fcrid%3D1AK26YBQS39DZ%26dib%3DeyJ2IjoiMSJ9.H_dE0w8OHcmESxseNpLSv9VHAFZGAvnjiXP1ErC8wMb9qb2hwy7IU8xDKV0gPxtM5vblgBWj7EDxKlr338R-4kZ1boCfCg2_zLLmUzUPYSez5ORfZN8kxvWumuZytHYyRDHJ8UTu2lD1djyQau7Ce7b9WaAHd16INWZSKLVOdpNCXJmKds84xUnOAA_oBNQK_gKYjqaV9_vgfWmYIhTvXHEPFprasP5XHeNE9rqlcMpKq8NrRmCTzW_a6jrc61o0kpL81ZFix65hPsDy10kXdvLxJXqPKyRsgOTPqd5jhDw.AGpC5BDJOaluQuT07aqpxHl1wDcZIv1Mg77KSI702gs%26dib_tag%3Dse%26keywords%3Dguitar%26qid%3D1717413583%26sprefix%3D%252Caps%252C212%26sr%3D8-2-spons%26sp_csd%3Dd2lkZ2V0TmFtZT1zcF9hdGY%26psc%3D1
Kadence,"Kadence Slowhand Premium Jumbo Semi Acoustic Guitar with Heavy Padded Bag, guitar cable, Pro Capo (Black Spruce Wood)","9,999",7 days Replacement,"Saturday, 8 June",In stock,https://www.amazon.in/sspa/click?ie=UTF8&spc=MTo2MjcxMjU4NDI1MTU4MTU0OjE3MTc0MTM1ODM6c3BfYXRmOjIwMDU3MTkzMDU2MjA0OjowOjo&url=%2FKadence-Slowhand-Premium-Acoustic-Instrument%2Fdp%2FB077SZ667X%2Fref%3Dsr_1_3_sspa%3Fcrid%3D1AK26YBQS39DZ%26dib%3DeyJ2IjoiMSJ9.H_dE0w8OHcmESxseNpLSv9VHAFZGAvnjiXP1ErC8wMb9qb2hwy7IU8xDKV0gPxtM5vblgBWj7EDxKlr338R-4kZ1boCfCg2_zLLmUzUPYSez5ORfZN8kxvWumuZytHYyRDHJ8UTu2lD1djyQau7Ce7b9WaAHd16INWZSKLVOdpNCXJmKds84xUnOAA_oBNQK_gKYjqaV9_vgfWmYIhTvXHEPFprasP5XHeNE9rqlcMpKq8NrRmCTzW_a6jrc61o0kpL81ZFix65hPsDy10kXdvLxJXqPKyRsgOTPqd5jhDw.AGpC5BDJOaluQuT07aqpxHl1wDcZIv1Mg77KSI702gs%26dib_tag%3Dse%26keywords%3Dguitar%26qid%3D1717413583%26sprefix%3D%252Caps%252C212%26sr%3D8-3-spons%26sp_csd%3Dd2lkZ2V0TmFtZT1zcF9hdGY%26psc%3D1
Intern,"Intern INT-38C Right hand Acoustic Guitar Kit, With Bag, Strings, Pick And Strap, Black, small","2,160",7 days Replacement,"Thursday, 6 June",In stock,https://www.amazon.in/Intern-INT-38C-Acoustic-Guitar-Black/dp/B073B6TQQY/ref=sr_1_6?crid=1AK26YBQS39DZ&dib=eyJ2IjoiMSJ9.H_dE0w8OHcmESxseNpLSv9VHAFZGAvnjiXP1ErC8wMb9qb2hwy7IU8xDKV0gPxtM5vblgBWj7EDxKlr338R-4kZ1boCfCg2_zLLmUzUPYSez5ORfZN8kxvWumuZytHYyRDHJ8UTu2lD1djyQau7Ce7b9WaAHd16INWZSKLVOdpNCXJmKds84xUnOAA_oBNQK_gKYjqaV9_vgfWmYIhTvXHEPFprasP5XHeNE9rqlcMpKq8NrRmCTzW_a6jrc61o0kpL81ZFix65hPsDy10kXdvLxJXqPKyRsgOTPqd5jhDw.AGpC5BDJOaluQuT07aqpxHl1wDcZIv1Mg77KSI702gs&dib_tag=se&keywords=guitar&qid=1717413583&sprefix=%2Caps%2C212&sr=8-6
Medellin,Medellin 38” Acoustic Guitar with (free learning course) Matt finish with Picks(Blue),"1,999",7 days Replacement,"Wednesday, 5 June",In stock,https://www.amazon.in/Medellin-Acoustic-Guitar-learning-course/dp/B0CJY91RB1/ref=sr_1_7?crid=1AK26YBQS39DZ&dib=eyJ2IjoiMSJ9.H_dE0w8OHcmESxseNpLSv9VHAFZGAvnjiXP1ErC8wMb9qb2hwy7IU8xDKV0gPxtM5vblgBWj7EDxKlr338R-4kZ1boCfCg2_zLLmUzUPYSez5ORfZN8kxvWumuZytHYyRDHJ8UTu2lD1djyQau7Ce7b9WaAHd16INWZSKLVOdpNCXJmKds84xUnOAA_oBNQK_gKYjqaV9_vgfWmYIhTvXHEPFprasP5XHeNE9rqlcMpKq8NrRmCTzW_a6jrc61o0kpL81ZFix65hPsDy10kXdvLxJXqPKyRsgOTPqd5jhDw.AGpC5BDJOaluQuT07aqpxHl1wDcZIv1Mg77KSI702gs&dib_tag=se&keywords=guitar&qid=1717413583&sprefix=%2Caps%2C212&sr=8-7
Intern,"Intern INT-38C-SB Right hand Acoustic Guitar Kit, With Bag, Strings, Pick, Strap and String Winder (Sunburst)","2,199",7 days Replacement,"Friday, 7 June",In stock,https://www.amazon.in/Intern-INT-38C-Acoustic-Guitar-Sunburst/dp/B073B5MJRM/ref=sr_1_8?crid=1AK26YBQS39DZ&dib=eyJ2IjoiMSJ9.H_dE0w8OHcmESxseNpLSv9VHAFZGAvnjiXP1ErC8wMb9qb2hwy7IU8xDKV0gPxtM5vblgBWj7EDxKlr338R-4kZ1boCfCg2_zLLmUzUPYSez5ORfZN8kxvWumuZytHYyRDHJ8UTu2lD1djyQau7Ce7b9WaAHd16INWZSKLVOdpNCXJmKds84xUnOAA_oBNQK_gKYjqaV9_vgfWmYIhTvXHEPFprasP5XHeNE9rqlcMpKq8NrRmCTzW_a6jrc61o0kpL81ZFix65hPsDy10kXdvLxJXqPKyRsgOTPqd5jhDw.AGpC5BDJOaluQuT07aqpxHl1wDcZIv1Mg77KSI702gs&dib_tag=se&keywords=guitar&qid=1717413583&sprefix=%2Caps%2C212&sr=8-8
Intern,Intern INT-38C Acoustic Guitar Kit (Blue),"2,199",7 days Replacement,"Sunday, 9 June",In stock,https://www.amazon.in/Intern-INT-38C-Acoustic-Guitar-Blue/dp/B073B5RZBV/ref=sr_1_11?crid=1AK26YBQS39DZ&dib=eyJ2IjoiMSJ9.H_dE0w8OHcmESxseNpLSv9VHAFZGAvnjiXP1ErC8wMb9qb2hwy7IU8xDKV0gPxtM5vblgBWj7EDxKlr338R-4kZ1boCfCg2_zLLmUzUPYSez5ORfZN8kxvWumuZytHYyRDHJ8UTu2lD1djyQau7Ce7b9WaAHd16INWZSKLVOdpNCXJmKds84xUnOAA_oBNQK_gKYjqaV9_vgfWmYIhTvXHEPFprasP5XHeNE9rqlcMpKq8NrRmCTzW_a6jrc61o0kpL81ZFix65hPsDy10kXdvLxJXqPKyRsgOTPqd5jhDw.AGpC5BDJOaluQuT07aqpxHl1wDcZIv1Mg77KSI702gs&dib_tag=se&keywords=guitar&qid=1717413583&sprefix=%2Caps%2C212&sr=8-11
Intern,"Intern 38C Acoustic Steel-string Guitar Premium White Cutaway Design with carry bag, strings, guitar strap and plectrums (INT-38C-WH)","2,199",7 days Replacement,"Monday, 10 June",In stock,https://www.amazon.in/Intern-Acoustic-Steel-string-plectrums-INT-38C-WH/dp/B09LR94Z2X/ref=sr_1_12?crid=1AK26YBQS39DZ&dib=eyJ2IjoiMSJ9.H_dE0w8OHcmESxseNpLSv9VHAFZGAvnjiXP1ErC8wMb9qb2hwy7IU8xDKV0gPxtM5vblgBWj7EDxKlr338R-4kZ1boCfCg2_zLLmUzUPYSez5ORfZN8kxvWumuZytHYyRDHJ8UTu2lD1djyQau7Ce7b9WaAHd16INWZSKLVOdpNCXJmKds84xUnOAA_oBNQK_gKYjqaV9_vgfWmYIhTvXHEPFprasP5XHeNE9rqlcMpKq8NrRmCTzW_a6jrc61o0kpL81ZFix65hPsDy10kXdvLxJXqPKyRsgOTPqd5jhDw.AGpC5BDJOaluQuT07aqpxHl1wDcZIv1Mg77KSI702gs&dib_tag=se&keywords=guitar&qid=1717413583&sprefix=%2Caps%2C212&sr=8-12
YAMAHA,"Yamaha F280 Acoustic Rosewood Guitar (Natural, Beige)","7,399",7 days Replacement,"Wednesday, 12 June",In stock,https://www.amazon.in/Yamaha-F280-Acoustic-Guitar-Natural/dp/B08317Y4VP/ref=sr_1_13?crid=1AK26YBQS39DZ&dib=eyJ2IjoiMSJ9.H_dE0w8OHcmESxseNpLSv9VHAFZGAvnjiXP1ErC8wMb9qb2hwy7IU8xDKV0gPxtM5vblgBWj7EDxKlr338R-4kZ1boCfCg2_zLLmUzUPYSez5ORfZN8kxvWumuZytHYyRDHJ8UTu2lD1djyQau7Ce7b9WaAHd16INWZSKLVOdpNCXJmKds84xUnOAA_oBNQK_gKYjqaV9_vgfWmYIhTvXHEPFprasP5XHeNE9rqlcMpKq8NrRmCTzW_a6jrc61o0kpL81ZFix65hPsDy10kXdvLxJXqPKyRsgOTPqd5jhDw.AGpC5BDJOaluQuT07aqpxHl1wDcZIv1Mg77KSI702gs&dib_tag=se&keywords=guitar&qid=1717413583&sprefix=%2Caps%2C212&sr=8-13
Medellin,"Medellin 38"" Blue Acoustic Guitar premium wood with free online learning course, Set Of Strings, Strap, Bag and 3 Picks","2,199",7 days Replacement,"Saturday, 8 June",In stock,https://www.amazon.in/Medellin-MED-BLU-C-Linden-Acoustic-Guitar/dp/B07NBMWHJW/ref=sr_1_14?crid=1AK26YBQS39DZ&dib=eyJ2IjoiMSJ9.H_dE0w8OHcmESxseNpLSv9VHAFZGAvnjiXP1ErC8wMb9qb2hwy7IU8xDKV0gPxtM5vblgBWj7EDxKlr338R-4kZ1boCfCg2_zLLmUzUPYSez5ORfZN8kxvWumuZytHYyRDHJ8UTu2lD1djyQau7Ce7b9WaAHd16INWZSKLVOdpNCXJmKds84xUnOAA_oBNQK_gKYjqaV9_vgfWmYIhTvXHEPFprasP5XHeNE9rqlcMpKq8NrRmCTzW_a6jrc61o0kpL81ZFix65hPsDy10kXdvLxJXqPKyRsgOTPqd5jhDw.AGpC5BDJOaluQuT07aqpxHl1wDcZIv1Mg77KSI702gs&dib_tag=se&keywords=guitar&qid=1717413583&sprefix=%2Caps%2C212&sr=8-14
Kadence,"Kadence rosewood Guitar Frontier Series, Electric Acoustic Black Guitar With EQ, Die Cast Keys, Set Of Strings, Strap, Picks And Bag (Black EQ, Electric Acoustic)","5,399",7 days Replacement,"Saturday, 8 June",In stock,https://www.amazon.in/Kadence-Frontier-Acoustic-Guitar-Strings/dp/B078GTJP5Y/ref=sr_1_16?crid=1AK26YBQS39DZ&dib=eyJ2IjoiMSJ9.H_dE0w8OHcmESxseNpLSv9VHAFZGAvnjiXP1ErC8wMb9qb2hwy7IU8xDKV0gPxtM5vblgBWj7EDxKlr338R-4kZ1boCfCg2_zLLmUzUPYSez5ORfZN8kxvWumuZytHYyRDHJ8UTu2lD1djyQau7Ce7b9WaAHd16INWZSKLVOdpNCXJmKds84xUnOAA_oBNQK_gKYjqaV9_vgfWmYIhTvXHEPFprasP5XHeNE9rqlcMpKq8NrRmCTzW_a6jrc61o0kpL81ZFix65hPsDy10kXdvLxJXqPKyRsgOTPqd5jhDw.AGpC5BDJOaluQuT07aqpxHl1wDcZIv1Mg77KSI702gs&dib_tag=se&keywords=guitar&qid=1717413583&sprefix=%2Caps%2C212&sr=8-16
Yamaha,Yamaha 22.8 Inches Merantiwood Classical Guitar C40//02 (Brown),"7,800",7 days Replacement,"Thursday, 6 June",In stock,https://www.amazon.in/Yamaha-Classical-Guitar-C40-02/dp/B003UGCUFE/ref=sr_1_17?crid=1AK26YBQS39DZ&dib=eyJ2IjoiMSJ9.H_dE0w8OHcmESxseNpLSv9VHAFZGAvnjiXP1ErC8wMb9qb2hwy7IU8xDKV0gPxtM5vblgBWj7EDxKlr338R-4kZ1boCfCg2_zLLmUzUPYSez5ORfZN8kxvWumuZytHYyRDHJ8UTu2lD1djyQau7Ce7b9WaAHd16INWZSKLVOdpNCXJmKds84xUnOAA_oBNQK_gKYjqaV9_vgfWmYIhTvXHEPFprasP5XHeNE9rqlcMpKq8NrRmCTzW_a6jrc61o0kpL81ZFix65hPsDy10kXdvLxJXqPKyRsgOTPqd5jhDw.AGpC5BDJOaluQuT07aqpxHl1wDcZIv1Mg77KSI702gs&dib_tag=se&keywords=guitar&qid=1717413583&sprefix=%2Caps%2C212&sr=8-17
Henrix,"Henrix 38C 38 Inch Cutaway Acoustic Guitar With Dual Action Truss Rod, Gigbag, Picks, String Set, String Winder, Strap, Polishing Cloth & Ebook - Natural","3,199",7 days Replacement,"Thursday, 6 June",In stock,https://www.amazon.in/Henrix-Cutaway-Acoustic-Die-cast-Dual-action/dp/B07VHSCGCG/ref=sr_1_18?crid=1AK26YBQS39DZ&dib=eyJ2IjoiMSJ9.H_dE0w8OHcmESxseNpLSv9VHAFZGAvnjiXP1ErC8wMb9qb2hwy7IU8xDKV0gPxtM5vblgBWj7EDxKlr338R-4kZ1boCfCg2_zLLmUzUPYSez5ORfZN8kxvWumuZytHYyRDHJ8UTu2lD1djyQau7Ce7b9WaAHd16INWZSKLVOdpNCXJmKds84xUnOAA_oBNQK_gKYjqaV9_vgfWmYIhTvXHEPFprasP5XHeNE9rqlcMpKq8NrRmCTzW_a6jrc61o0kpL81ZFix65hPsDy10kXdvLxJXqPKyRsgOTPqd5jhDw.AGpC5BDJOaluQuT07aqpxHl1wDcZIv1Mg77KSI702gs&dib_tag=se&keywords=guitar&qid=1717413583&sprefix=%2Caps%2C212&sr=8-18
Medellin,"Medellin Acoustic Guitar (with guitar learning course) Neon Pink (Combo, Strings,Bag,Picks and guitar course)","2,599",7 days Replacement,"Saturday, 8 June",In stock,https://www.amazon.in/Medellin-Acoustic-Guitar-learning-Strings/dp/B0CCNSN9BV/ref=sr_1_19?crid=1AK26YBQS39DZ&dib=eyJ2IjoiMSJ9.H_dE0w8OHcmESxseNpLSv9VHAFZGAvnjiXP1ErC8wMb9qb2hwy7IU8xDKV0gPxtM5vblgBWj7EDxKlr338R-4kZ1boCfCg2_zLLmUzUPYSez5ORfZN8kxvWumuZytHYyRDHJ8UTu2lD1djyQau7Ce7b9WaAHd16INWZSKLVOdpNCXJmKds84xUnOAA_oBNQK_gKYjqaV9_vgfWmYIhTvXHEPFprasP5XHeNE9rqlcMpKq8NrRmCTzW_a6jrc61o0kpL81ZFix65hPsDy10kXdvLxJXqPKyRsgOTPqd5jhDw.AGpC5BDJOaluQuT07aqpxHl1wDcZIv1Mg77KSI702gs&dib_tag=se&keywords=guitar&qid=1717413583&sprefix=%2Caps%2C212&sr=8-19
Kadence,"Kadence Frontier guitar with Online Guitar learning course , Wine Red Acoustic Guitar with Die Cast Keys, Set of Strings, Strap, Picks and Bag (Wine Red, Acoustic)","4,899",7 days Replacement,"Saturday, 8 June",In stock,https://www.amazon.in/Kadence-Frontier-Acoustic-Guitar-Strings/dp/B01GDZ46AA/ref=sr_1_20?crid=1AK26YBQS39DZ&dib=eyJ2IjoiMSJ9.H_dE0w8OHcmESxseNpLSv9VHAFZGAvnjiXP1ErC8wMb9qb2hwy7IU8xDKV0gPxtM5vblgBWj7EDxKlr338R-4kZ1boCfCg2_zLLmUzUPYSez5ORfZN8kxvWumuZytHYyRDHJ8UTu2lD1djyQau7Ce7b9WaAHd16INWZSKLVOdpNCXJmKds84xUnOAA_oBNQK_gKYjqaV9_vgfWmYIhTvXHEPFprasP5XHeNE9rqlcMpKq8NrRmCTzW_a6jrc61o0kpL81ZFix65hPsDy10kXdvLxJXqPKyRsgOTPqd5jhDw.AGpC5BDJOaluQuT07aqpxHl1wDcZIv1Mg77KSI702gs&dib_tag=se&keywords=guitar&qid=1717413583&sprefix=%2Caps%2C212&sr=8-20
Gum-Tea,"Acoustic Guitar, 39 Inch Cutaway, 039C with Bag, Strings, Pick and Strap, Random Colour colors may be vary","4,997",-,"Monday, 10 June",In stock,https://www.amazon.in/sspa/click?ie=UTF8&spc=MTo2MjcxMjU4NDI1MTU4MTU0OjE3MTc0MTM1ODM6c3BfbXRmOjMwMDE0NjM2MDE2MzUzMjo6MDo6&url=%2FAcoustic-Guitar-Cutaway-Strings-Strap%2Fdp%2FB08NTC4KG4%2Fref%3Dsr_1_22_sspa%3Fcrid%3D1AK26YBQS39DZ%26dib%3DeyJ2IjoiMSJ9.H_dE0w8OHcmESxseNpLSv9VHAFZGAvnjiXP1ErC8wMb9qb2hwy7IU8xDKV0gPxtM5vblgBWj7EDxKlr338R-4kZ1boCfCg2_zLLmUzUPYSez5ORfZN8kxvWumuZytHYyRDHJ8UTu2lD1djyQau7Ce7b9WaAHd16INWZSKLVOdpNCXJmKds84xUnOAA_oBNQK_gKYjqaV9_vgfWmYIhTvXHEPFprasP5XHeNE9rqlcMpKq8NrRmCTzW_a6jrc61o0kpL81ZFix65hPsDy10kXdvLxJXqPKyRsgOTPqd5jhDw.AGpC5BDJOaluQuT07aqpxHl1wDcZIv1Mg77KSI702gs%26dib_tag%3Dse%26keywords%3Dguitar%26qid%3D1717413583%26sprefix%3D%252Caps%252C212%26sr%3D8-22-spons%26sp_csd%3Dd2lkZ2V0TmFtZT1zcF9tdGY%26psc%3D1
-,SG Musical - Guitar Floor Stand Foldable and Anti-Slip Guitar Metal Stand for All Guitar Acoustic Classic Electric Bass Travel Guitar Stand Guitar Accessories A-Frame Stand for Guitar,549,-,"Saturday, 8 June",In stock,https://www.amazon.in/sspa/click?ie=UTF8&spc=MTo2MjcxMjU4NDI1MTU4MTU0OjE3MTc0MTM1ODM6c3BfbXRmOjMwMDE1MTQ1NDkxODkzMjo6MDo6&url=%2FSG-Musical-Anti-Slip-Accessories-Frame%2Fdp%2FB0BG5HYYQL%2Fref%3Dsr_1_23_sspa%3Fcrid%3D1AK26YBQS39DZ%26dib%3DeyJ2IjoiMSJ9.H_dE0w8OHcmESxseNpLSv9VHAFZGAvnjiXP1ErC8wMb9qb2hwy7IU8xDKV0gPxtM5vblgBWj7EDxKlr338R-4kZ1boCfCg2_zLLmUzUPYSez5ORfZN8kxvWumuZytHYyRDHJ8UTu2lD1djyQau7Ce7b9WaAHd16INWZSKLVOdpNCXJmKds84xUnOAA_oBNQK_gKYjqaV9_vgfWmYIhTvXHEPFprasP5XHeNE9rqlcMpKq8NrRmCTzW_a6jrc61o0kpL81ZFix65hPsDy10kXdvLxJXqPKyRsgOTPqd5jhDw.AGpC5BDJOaluQuT07aqpxHl1wDcZIv1Mg77KSI702gs%26dib_tag%3Dse%26keywords%3Dguitar%26qid%3D1717413583%26sprefix%3D%252Caps%252C212%26sr%3D8-23-spons%26sp_csd%3Dd2lkZ2V0TmFtZT1zcF9tdGY%26psc%3D1
-,"SG Musical - Guitar Belt, Rubber Guitar Pick Holder, 4 picks, 4 silicon fingers",319,-,"Saturday, 8 June",In stock,https://www.amazon.in/sspa/click?ie=UTF8&spc=MTo2MjcxMjU4NDI1MTU4MTU0OjE3MTc0MTM1ODM6c3BfbXRmOjMwMDE0NTc0NjU3MTQzMjo6MDo6&url=%2FSG-Musical-Guitar-silicon-fingers%2Fdp%2FB0BD4B826N%2Fref%3Dsr_1_24_sspa%3Fcrid%3D1AK26YBQS39DZ%26dib%3DeyJ2IjoiMSJ9.H_dE0w8OHcmESxseNpLSv9VHAFZGAvnjiXP1ErC8wMb9qb2hwy7IU8xDKV0gPxtM5vblgBWj7EDxKlr338R-4kZ1boCfCg2_zLLmUzUPYSez5ORfZN8kxvWumuZytHYyRDHJ8UTu2lD1djyQau7Ce7b9WaAHd16INWZSKLVOdpNCXJmKds84xUnOAA_oBNQK_gKYjqaV9_vgfWmYIhTvXHEPFprasP5XHeNE9rqlcMpKq8NrRmCTzW_a6jrc61o0kpL81ZFix65hPsDy10kXdvLxJXqPKyRsgOTPqd5jhDw.AGpC5BDJOaluQuT07aqpxHl1wDcZIv1Mg77KSI702gs%26dib_tag%3Dse%26keywords%3Dguitar%26qid%3D1717413583%26sprefix%3D%252Caps%252C212%26sr%3D8-24-spons%26sp_csd%3Dd2lkZ2V0TmFtZT1zcF9tdGY%26psc%3D1
blueberry,"BLUEBERRY B-D38, Acoustic Guitar Kit Inbuilt Truss Rod with Bag, Strap, One Pack Strings And Picks - 38 Inch (Black)","2,895",7 days Replacement,"Thursday, 6 June",In stock,https://www.amazon.in/Blueberry-B-D38-Acoustic-Inbuilt-Strings/dp/B07PGV8VCB/ref=sr_1_26?crid=1AK26YBQS39DZ&dib=eyJ2IjoiMSJ9.H_dE0w8OHcmESxseNpLSv9VHAFZGAvnjiXP1ErC8wMb9qb2hwy7IU8xDKV0gPxtM5vblgBWj7EDxKlr338R-4kZ1boCfCg2_zLLmUzUPYSez5ORfZN8kxvWumuZytHYyRDHJ8UTu2lD1djyQau7Ce7b9WaAHd16INWZSKLVOdpNCXJmKds84xUnOAA_oBNQK_gKYjqaV9_vgfWmYIhTvXHEPFprasP5XHeNE9rqlcMpKq8NrRmCTzW_a6jrc61o0kpL81ZFix65hPsDy10kXdvLxJXqPKyRsgOTPqd5jhDw.AGpC5BDJOaluQuT07aqpxHl1wDcZIv1Mg77KSI702gs&dib_tag=se&keywords=guitar&qid=1717413583&sprefix=%2Caps%2C212&sr=8-26
Yamaha,Yamaha Bass Wood Fs80C Natural Concert Cutaway Guitar,"7,900",7 days Replacement,"Tuesday, 11 June",In stock,https://www.amazon.in/Yamaha-Natural-Concert-Cutaway-Guitar/dp/B08KW4DRKL/ref=sr_1_31?crid=1AK26YBQS39DZ&dib=eyJ2IjoiMSJ9.H_dE0w8OHcmESxseNpLSv9VHAFZGAvnjiXP1ErC8wMb9qb2hwy7IU8xDKV0gPxtM5vblgBWj7EDxKlr338R-4kZ1boCfCg2_zLLmUzUPYSez5ORfZN8kxvWumuZytHYyRDHJ8UTu2lD1djyQau7Ce7b9WaAHd16INWZSKLVOdpNCXJmKds84xUnOAA_oBNQK_gKYjqaV9_vgfWmYIhTvXHEPFprasP5XHeNE9rqlcMpKq8NrRmCTzW_a6jrc61o0kpL81ZFix65hPsDy10kXdvLxJXqPKyRsgOTPqd5jhDw.AGpC5BDJOaluQuT07aqpxHl1wDcZIv1Mg77KSI702gs&dib_tag=se&keywords=guitar&qid=1717413583&sprefix=%2Caps%2C212&sr=8-31
Yamaha,"YAMAHA Mexa Yamaha F310, Dreadnought Acoustic Guitar with Sponge Bag, Belt and Plectrums Combo Pack","10,509",7 days Replacement,"Saturday, 8 June",Only 2 left in stock.,https://www.amazon.in/yamaha-acoustic-guitar-Dreadnought-Plectrums/dp/B07KB8VP6X/ref=sr_1_32?crid=1AK26YBQS39DZ&dib=eyJ2IjoiMSJ9.H_dE0w8OHcmESxseNpLSv9VHAFZGAvnjiXP1ErC8wMb9qb2hwy7IU8xDKV0gPxtM5vblgBWj7EDxKlr338R-4kZ1boCfCg2_zLLmUzUPYSez5ORfZN8kxvWumuZytHYyRDHJ8UTu2lD1djyQau7Ce7b9WaAHd16INWZSKLVOdpNCXJmKds84xUnOAA_oBNQK_gKYjqaV9_vgfWmYIhTvXHEPFprasP5XHeNE9rqlcMpKq8NrRmCTzW_a6jrc61o0kpL81ZFix65hPsDy10kXdvLxJXqPKyRsgOTPqd5jhDw.AGpC5BDJOaluQuT07aqpxHl1wDcZIv1Mg77KSI702gs&dib_tag=se&keywords=guitar&qid=1717413583&sprefix=%2Caps%2C212&sr=8-32
Kadence,"Kadence Slowhand Solid Spruce Top SH101, Premium Semi Acoustic Guitar, 41"" Full Size Jumbo Guitar, Demi-cutaway design with Padded Bag, Picks, Strings, Cable and Capo","15,749",7 days Replacement,"Saturday, 8 June",In stock,https://www.amazon.in/Kadence-Slowhand-Premium-Acoustic-Instrument/dp/B077SSGVK6/ref=sr_1_39?crid=1AK26YBQS39DZ&dib=eyJ2IjoiMSJ9.H_dE0w8OHcmESxseNpLSv9VHAFZGAvnjiXP1ErC8wMb9qb2hwy7IU8xDKV0gPxtM5vblgBWj7EDxKlr338R-4kZ1boCfCg2_zLLmUzUPYSez5ORfZN8kxvWumuZytHYyRDHJ8UTu2lD1djyQau7Ce7b9WaAHd16INWZSKLVOdpNCXJmKds84xUnOAA_oBNQK_gKYjqaV9_vgfWmYIhTvXHEPFprasP5XHeNE9rqlcMpKq8NrRmCTzW_a6jrc61o0kpL81ZFix65hPsDy10kXdvLxJXqPKyRsgOTPqd5jhDw.AGpC5BDJOaluQuT07aqpxHl1wDcZIv1Mg77KSI702gs&dib_tag=se&keywords=guitar&qid=1717413583&sprefix=%2Caps%2C212&sr=8-39
VAULT,"Vault EA20 Guitar Kit with Learn to Play Ebook, Bag, Strings, Straps, Picks, String winder & Polishing Cloth - 40 inch Cutaway Acoustic Guitar - Natural","4,899",7 days Replacement,"Wednesday, 5 June",In stock,https://www.amazon.in/Strings-Straps-String-winder-Polishing/dp/B07RV9FJ2Z/ref=sr_1_40?crid=1AK26YBQS39DZ&dib=eyJ2IjoiMSJ9.H_dE0w8OHcmESxseNpLSv9VHAFZGAvnjiXP1ErC8wMb9qb2hwy7IU8xDKV0gPxtM5vblgBWj7EDxKlr338R-4kZ1boCfCg2_zLLmUzUPYSez5ORfZN8kxvWumuZytHYyRDHJ8UTu2lD1djyQau7Ce7b9WaAHd16INWZSKLVOdpNCXJmKds84xUnOAA_oBNQK_gKYjqaV9_vgfWmYIhTvXHEPFprasP5XHeNE9rqlcMpKq8NrRmCTzW_a6jrc61o0kpL81ZFix65hPsDy10kXdvLxJXqPKyRsgOTPqd5jhDw.AGpC5BDJOaluQuT07aqpxHl1wDcZIv1Mg77KSI702gs&dib_tag=se&keywords=guitar&qid=1717413583&sprefix=%2Caps%2C212&sr=8-40
Yamaha,"Yamaha FS80C Acoustic Guitar Cutaway Concert Body With Mexa Sponge Bag, Guitar Belt, Guitar Stand, String Set & Plectrums.(NT)","9,299",7 days Replacement,"Friday, 7 June",Only 2 left in stock.,https://www.amazon.in/FS80C-Acoustic-Cutaway-Concert-Plectrums/dp/B08XVV1WH7/ref=sr_1_41?crid=1AK26YBQS39DZ&dib=eyJ2IjoiMSJ9.H_dE0w8OHcmESxseNpLSv9VHAFZGAvnjiXP1ErC8wMb9qb2hwy7IU8xDKV0gPxtM5vblgBWj7EDxKlr338R-4kZ1boCfCg2_zLLmUzUPYSez5ORfZN8kxvWumuZytHYyRDHJ8UTu2lD1djyQau7Ce7b9WaAHd16INWZSKLVOdpNCXJmKds84xUnOAA_oBNQK_gKYjqaV9_vgfWmYIhTvXHEPFprasP5XHeNE9rqlcMpKq8NrRmCTzW_a6jrc61o0kpL81ZFix65hPsDy10kXdvLxJXqPKyRsgOTPqd5jhDw.AGpC5BDJOaluQuT07aqpxHl1wDcZIv1Mg77KSI702gs&dib_tag=se&keywords=guitar&qid=1717413583&sprefix=%2Caps%2C212&sr=8-41
blueberry,"BLUEBERRY 38C, Acoustic Guitar Kit with Bag, Strap, One Pack Strings And Picks - 38 Inch (Redburst)","2,495",7 days Replacement,"Thursday, 6 June",In stock,https://www.amazon.in/Blueberry-Acoustic-Guitar-Strings-Redburst/dp/B09N9R525J/ref=sr_1_42?crid=1AK26YBQS39DZ&dib=eyJ2IjoiMSJ9.H_dE0w8OHcmESxseNpLSv9VHAFZGAvnjiXP1ErC8wMb9qb2hwy7IU8xDKV0gPxtM5vblgBWj7EDxKlr338R-4kZ1boCfCg2_zLLmUzUPYSez5ORfZN8kxvWumuZytHYyRDHJ8UTu2lD1djyQau7Ce7b9WaAHd16INWZSKLVOdpNCXJmKds84xUnOAA_oBNQK_gKYjqaV9_vgfWmYIhTvXHEPFprasP5XHeNE9rqlcMpKq8NrRmCTzW_a6jrc61o0kpL81ZFix65hPsDy10kXdvLxJXqPKyRsgOTPqd5jhDw.AGpC5BDJOaluQuT07aqpxHl1wDcZIv1Mg77KSI702gs&dib_tag=se&keywords=guitar&qid=1717413583&sprefix=%2Caps%2C212&sr=8-42
Kadence,"Kadence Guitar Acoustica Series, Electric Acoustic Guitar, Ash Wood with Pickup and Inbuilt tuner (Ash Wood, Electro Acoustic) with bag.","6,999",7 days Replacement,"Saturday, 8 June",In stock,https://www.amazon.in/Kadence-Acoustica-Ash-Wood-Equlizer/dp/B0757H5P13/ref=sr_1_43?crid=1AK26YBQS39DZ&dib=eyJ2IjoiMSJ9.H_dE0w8OHcmESxseNpLSv9VHAFZGAvnjiXP1ErC8wMb9qb2hwy7IU8xDKV0gPxtM5vblgBWj7EDxKlr338R-4kZ1boCfCg2_zLLmUzUPYSez5ORfZN8kxvWumuZytHYyRDHJ8UTu2lD1djyQau7Ce7b9WaAHd16INWZSKLVOdpNCXJmKds84xUnOAA_oBNQK_gKYjqaV9_vgfWmYIhTvXHEPFprasP5XHeNE9rqlcMpKq8NrRmCTzW_a6jrc61o0kpL81ZFix65hPsDy10kXdvLxJXqPKyRsgOTPqd5jhDw.AGpC5BDJOaluQuT07aqpxHl1wDcZIv1Mg77KSI702gs&dib_tag=se&keywords=guitar&qid=1717413583&sprefix=%2Caps%2C212&sr=8-43
Kadence,"Kadence AstroMan Electric Guitar, 21 FRETS, ROSEWOOD FRETBOARD, H - S - S PICK UPS Black combo with Bag and guitar cable","7,999",7 days Replacement,"Saturday, 8 June",In stock,https://www.amazon.in/Kadence-Electric-Guitar-Rosewood-Fretboard/dp/B07BGW6JVL/ref=sr_1_44?crid=1AK26YBQS39DZ&dib=eyJ2IjoiMSJ9.H_dE0w8OHcmESxseNpLSv9VHAFZGAvnjiXP1ErC8wMb9qb2hwy7IU8xDKV0gPxtM5vblgBWj7EDxKlr338R-4kZ1boCfCg2_zLLmUzUPYSez5ORfZN8kxvWumuZytHYyRDHJ8UTu2lD1djyQau7Ce7b9WaAHd16INWZSKLVOdpNCXJmKds84xUnOAA_oBNQK_gKYjqaV9_vgfWmYIhTvXHEPFprasP5XHeNE9rqlcMpKq8NrRmCTzW_a6jrc61o0kpL81ZFix65hPsDy10kXdvLxJXqPKyRsgOTPqd5jhDw.AGpC5BDJOaluQuT07aqpxHl1wDcZIv1Mg77KSI702gs&dib_tag=se&keywords=guitar&qid=1717413583&sprefix=%2Caps%2C212&sr=8-44
Kadence,"Kadence A281 Professional Acoustic Rosewood guitar (Natural, Beige)","6,799",7 days Replacement,"Saturday, 8 June",In stock,https://www.amazon.in/Kadence-Professional-Acoustic-Rosewood-Natural/dp/B0CC927DLN/ref=sr_1_45?crid=1AK26YBQS39DZ&dib=eyJ2IjoiMSJ9.H_dE0w8OHcmESxseNpLSv9VHAFZGAvnjiXP1ErC8wMb9qb2hwy7IU8xDKV0gPxtM5vblgBWj7EDxKlr338R-4kZ1boCfCg2_zLLmUzUPYSez5ORfZN8kxvWumuZytHYyRDHJ8UTu2lD1djyQau7Ce7b9WaAHd16INWZSKLVOdpNCXJmKds84xUnOAA_oBNQK_gKYjqaV9_vgfWmYIhTvXHEPFprasP5XHeNE9rqlcMpKq8NrRmCTzW_a6jrc61o0kpL81ZFix65hPsDy10kXdvLxJXqPKyRsgOTPqd5jhDw.AGpC5BDJOaluQuT07aqpxHl1wDcZIv1Mg77KSI702gs&dib_tag=se&keywords=guitar&qid=1717413583&sprefix=%2Caps%2C212&sr=8-45
Kadence,"Kadence Slowhand Premium Jumbo Semi Acoustic Guitar with Heavy Padded Bag, guitar cable, Pro Capo (Black Spruce Wood)","9,999",7 days Replacement,"Saturday, 8 June",In stock,https://www.amazon.in/Kadence-Slowhand-Premium-Acoustic-Instrument/dp/B077SZ667X/ref=sr_1_46?crid=1AK26YBQS39DZ&dib=eyJ2IjoiMSJ9.H_dE0w8OHcmESxseNpLSv9VHAFZGAvnjiXP1ErC8wMb9qb2hwy7IU8xDKV0gPxtM5vblgBWj7EDxKlr338R-4kZ1boCfCg2_zLLmUzUPYSez5ORfZN8kxvWumuZytHYyRDHJ8UTu2lD1djyQau7Ce7b9WaAHd16INWZSKLVOdpNCXJmKds84xUnOAA_oBNQK_gKYjqaV9_vgfWmYIhTvXHEPFprasP5XHeNE9rqlcMpKq8NrRmCTzW_a6jrc61o0kpL81ZFix65hPsDy10kXdvLxJXqPKyRsgOTPqd5jhDw.AGpC5BDJOaluQuT07aqpxHl1wDcZIv1Mg77KSI702gs&dib_tag=se&keywords=guitar&qid=1717413583&sprefix=%2Caps%2C212&sr=8-46
ENYA,"Enya Nova Go Carbon Fiber Acoustic Guitar 1/2 Size Beginner Adult Travel Acustica Guitarra w/Starter Bundle Kit of Colorful Packaging, Acoustic Guitar Strap, Gig Bag, Cleaning Cloth, String(White)","17,000",7 days Replacement,"Monday, 10 June",Only 2 left in stock.,https://www.amazon.in/Acoustic-Beginner-Acustica-Guitarra-Packaging/dp/B09JNTBFMC/ref=sr_1_49?crid=1AK26YBQS39DZ&dib=eyJ2IjoiMSJ9.H_dE0w8OHcmESxseNpLSv9VHAFZGAvnjiXP1ErC8wMb9qb2hwy7IU8xDKV0gPxtM5vblgBWj7EDxKlr338R-4kZ1boCfCg2_zLLmUzUPYSez5ORfZN8kxvWumuZytHYyRDHJ8UTu2lD1djyQau7Ce7b9WaAHd16INWZSKLVOdpNCXJmKds84xUnOAA_oBNQK_gKYjqaV9_vgfWmYIhTvXHEPFprasP5XHeNE9rqlcMpKq8NrRmCTzW_a6jrc61o0kpL81ZFix65hPsDy10kXdvLxJXqPKyRsgOTPqd5jhDw.AGpC5BDJOaluQuT07aqpxHl1wDcZIv1Mg77KSI702gs&dib_tag=se&keywords=guitar&qid=1717413583&sprefix=%2Caps%2C212&sr=8-49
Kadence,"Kadence Frontier Semi Acoustic Jumbo Guitar 41"" with Learning Course, Die cast keys with Super Combo (Bag,strap,strings,capo And 3 picks) (Black, Electric Acoustic)","6,299",7 days Replacement,"Monday, 10 June",In stock,https://www.amazon.in/Kadence-Frontier-Acoustic-Guitar-Equalizer/dp/B01HRIHJWY/ref=sr_1_50?crid=1AK26YBQS39DZ&dib=eyJ2IjoiMSJ9.H_dE0w8OHcmESxseNpLSv9VHAFZGAvnjiXP1ErC8wMb9qb2hwy7IU8xDKV0gPxtM5vblgBWj7EDxKlr338R-4kZ1boCfCg2_zLLmUzUPYSez5ORfZN8kxvWumuZytHYyRDHJ8UTu2lD1djyQau7Ce7b9WaAHd16INWZSKLVOdpNCXJmKds84xUnOAA_oBNQK_gKYjqaV9_vgfWmYIhTvXHEPFprasP5XHeNE9rqlcMpKq8NrRmCTzW_a6jrc61o0kpL81ZFix65hPsDy10kXdvLxJXqPKyRsgOTPqd5jhDw.AGpC5BDJOaluQuT07aqpxHl1wDcZIv1Mg77KSI702gs&dib_tag=se&keywords=guitar&qid=1717413583&sprefix=%2Caps%2C212&sr=8-50
REVEL,"Revel 38 Inches Lindenwood Cutaway Design Acoustic Guitar With Carry Bag And Plectrums (Natural, Beige)",-,-,-,-,https://www.amazon.in/Revel-RVL-38C-LGP-NT-Linden-Acoustic-Natural/dp/B085HVRHPS/ref=sr_1_51?crid=1AK26YBQS39DZ&dib=eyJ2IjoiMSJ9.H_dE0w8OHcmESxseNpLSv9VHAFZGAvnjiXP1ErC8wMb9qb2hwy7IU8xDKV0gPxtM5vblgBWj7EDxKlr338R-4kZ1boCfCg2_zLLmUzUPYSez5ORfZN8kxvWumuZytHYyRDHJ8UTu2lD1djyQau7Ce7b9WaAHd16INWZSKLVOdpNCXJmKds84xUnOAA_oBNQK_gKYjqaV9_vgfWmYIhTvXHEPFprasP5XHeNE9rqlcMpKq8NrRmCTzW_a6jrc61o0kpL81ZFix65hPsDy10kXdvLxJXqPKyRsgOTPqd5jhDw.AGpC5BDJOaluQuT07aqpxHl1wDcZIv1Mg77KSI702gs&dib_tag=se&keywords=guitar&qid=1717413583&sprefix=%2Caps%2C212&sr=8-51
Fender,Fender Squier Affinity Strat Hh Burgandy Mist 0378051566 - Laurel Wood,"25,000",7 days Replacement,"Wednesday, 5 June",Only 2 left in stock.,https://www.amazon.in/Fender-Affinity-Stratocaster-fingerboard-Burgundy/dp/B091BK4GCZ/ref=sr_1_53?crid=1AK26YBQS39DZ&dib=eyJ2IjoiMSJ9.H_dE0w8OHcmESxseNpLSv9VHAFZGAvnjiXP1ErC8wMb9qb2hwy7IU8xDKV0gPxtM5vblgBWj7EDxKlr338R-4kZ1boCfCg2_zLLmUzUPYSez5ORfZN8kxvWumuZytHYyRDHJ8UTu2lD1djyQau7Ce7b9WaAHd16INWZSKLVOdpNCXJmKds84xUnOAA_oBNQK_gKYjqaV9_vgfWmYIhTvXHEPFprasP5XHeNE9rqlcMpKq8NrRmCTzW_a6jrc61o0kpL81ZFix65hPsDy10kXdvLxJXqPKyRsgOTPqd5jhDw.AGpC5BDJOaluQuT07aqpxHl1wDcZIv1Mg77KSI702gs&dib_tag=se&keywords=guitar&qid=1717413583&sprefix=%2Caps%2C212&sr=8-53
Kadence,Kadence BB01 Dreadnought Acoustic Guitar + (free online learning Course) - Sunburst,"3,999",7 days Replacement,"Saturday, 8 June",In stock,https://www.amazon.in/Kadence-Dreadnought-Acoustic-Guitar-learning/dp/B0CH8G45XP/ref=sr_1_54?crid=1AK26YBQS39DZ&dib=eyJ2IjoiMSJ9.H_dE0w8OHcmESxseNpLSv9VHAFZGAvnjiXP1ErC8wMb9qb2hwy7IU8xDKV0gPxtM5vblgBWj7EDxKlr338R-4kZ1boCfCg2_zLLmUzUPYSez5ORfZN8kxvWumuZytHYyRDHJ8UTu2lD1djyQau7Ce7b9WaAHd16INWZSKLVOdpNCXJmKds84xUnOAA_oBNQK_gKYjqaV9_vgfWmYIhTvXHEPFprasP5XHeNE9rqlcMpKq8NrRmCTzW_a6jrc61o0kpL81ZFix65hPsDy10kXdvLxJXqPKyRsgOTPqd5jhDw.AGpC5BDJOaluQuT07aqpxHl1wDcZIv1Mg77KSI702gs&dib_tag=se&keywords=guitar&qid=1717413583&sprefix=%2Caps%2C212&sr=8-54
VAULT,"Vault EA20CE Electro Acoustic Guitar Kit with Learn to Play Ebook, Bag, Strings, Straps, Picks, String winder & Polishing Cloth - 40 inch Cutaway Acoustic - Guitar","5,799",7 days Replacement,"Friday, 7 June",In stock,https://www.amazon.in/Cutaway-Electro-Acoustic-Strings-Polishing/dp/B093VHQZGD/ref=sr_1_55?crid=1AK26YBQS39DZ&dib=eyJ2IjoiMSJ9.H_dE0w8OHcmESxseNpLSv9VHAFZGAvnjiXP1ErC8wMb9qb2hwy7IU8xDKV0gPxtM5vblgBWj7EDxKlr338R-4kZ1boCfCg2_zLLmUzUPYSez5ORfZN8kxvWumuZytHYyRDHJ8UTu2lD1djyQau7Ce7b9WaAHd16INWZSKLVOdpNCXJmKds84xUnOAA_oBNQK_gKYjqaV9_vgfWmYIhTvXHEPFprasP5XHeNE9rqlcMpKq8NrRmCTzW_a6jrc61o0kpL81ZFix65hPsDy10kXdvLxJXqPKyRsgOTPqd5jhDw.AGpC5BDJOaluQuT07aqpxHl1wDcZIv1Mg77KSI702gs&dib_tag=se&keywords=guitar&qid=1717413583&sprefix=%2Caps%2C212&sr=8-55
Fender,"Fender Squier Sonic Stratocaster Hss Maple Electric Guitar With Gig-Bag, Polishing Cloth, Strap, Picks & E-Book - Black","17,299",7 days Returnable,"Friday, 7 June",In stock,https://www.amazon.in/Fender-Stratocaster-Electric-Gig-Bag-Polishing/dp/B0CV9QX8SW/ref=sr_1_56?crid=1AK26YBQS39DZ&dib=eyJ2IjoiMSJ9.H_dE0w8OHcmESxseNpLSv9VHAFZGAvnjiXP1ErC8wMb9qb2hwy7IU8xDKV0gPxtM5vblgBWj7EDxKlr338R-4kZ1boCfCg2_zLLmUzUPYSez5ORfZN8kxvWumuZytHYyRDHJ8UTu2lD1djyQau7Ce7b9WaAHd16INWZSKLVOdpNCXJmKds84xUnOAA_oBNQK_gKYjqaV9_vgfWmYIhTvXHEPFprasP5XHeNE9rqlcMpKq8NrRmCTzW_a6jrc61o0kpL81ZFix65hPsDy10kXdvLxJXqPKyRsgOTPqd5jhDw.AGpC5BDJOaluQuT07aqpxHl1wDcZIv1Mg77KSI702gs&dib_tag=se&keywords=guitar&qid=1717413583&sprefix=%2Caps%2C212&sr=8-56
-,SG Musical - Metal Guitar Stand - Universal Guitar Floor Stand,599,-,"Saturday, 8 June",In stock,https://www.amazon.in/sspa/click?ie=UTF8&spc=MTo2MjcxMjU4NDI1MTU4MTU0OjE3MTc0MTM1ODM6c3BfYnRmOjMwMDE1MTQ1NDkxODgzMjo6MDo6&url=%2FSG-Musical-Metal-Guitar-Universal%2Fdp%2FB0BG5M472T%2Fref%3Dsr_1_57_sspa%3Fcrid%3D1AK26YBQS39DZ%26dib%3DeyJ2IjoiMSJ9.H_dE0w8OHcmESxseNpLSv9VHAFZGAvnjiXP1ErC8wMb9qb2hwy7IU8xDKV0gPxtM5vblgBWj7EDxKlr338R-4kZ1boCfCg2_zLLmUzUPYSez5ORfZN8kxvWumuZytHYyRDHJ8UTu2lD1djyQau7Ce7b9WaAHd16INWZSKLVOdpNCXJmKds84xUnOAA_oBNQK_gKYjqaV9_vgfWmYIhTvXHEPFprasP5XHeNE9rqlcMpKq8NrRmCTzW_a6jrc61o0kpL81ZFix65hPsDy10kXdvLxJXqPKyRsgOTPqd5jhDw.AGpC5BDJOaluQuT07aqpxHl1wDcZIv1Mg77KSI702gs%26dib_tag%3Dse%26keywords%3Dguitar%26qid%3D1717413583%26sprefix%3D%252Caps%252C212%26sr%3D8-57-spons%26sp_csd%3Dd2lkZ2V0TmFtZT1zcF9idGY%26psc%3D1
-,AmericanElm Wooden Guitar Shape for Crafts and Decoration - Laser Cut - Guitar Decor - Miniature Guitar,209,-,"Sunday, 9 June",In stock,https://www.amazon.in/sspa/click?ie=UTF8&spc=MTo2MjcxMjU4NDI1MTU4MTU0OjE3MTc0MTM1ODM6c3BfYnRmOjMwMDA1MTQxODc2ODAzMjo6MDo6&url=%2FAmericanElm-Wooden-Guitar-Crafts-Decoration%2Fdp%2FB09BR66DWS%2Fref%3Dsr_1_58_sspa%3Fcrid%3D1AK26YBQS39DZ%26dib%3DeyJ2IjoiMSJ9.H_dE0w8OHcmESxseNpLSv9VHAFZGAvnjiXP1ErC8wMb9qb2hwy7IU8xDKV0gPxtM5vblgBWj7EDxKlr338R-4kZ1boCfCg2_zLLmUzUPYSez5ORfZN8kxvWumuZytHYyRDHJ8UTu2lD1djyQau7Ce7b9WaAHd16INWZSKLVOdpNCXJmKds84xUnOAA_oBNQK_gKYjqaV9_vgfWmYIhTvXHEPFprasP5XHeNE9rqlcMpKq8NrRmCTzW_a6jrc61o0kpL81ZFix65hPsDy10kXdvLxJXqPKyRsgOTPqd5jhDw.AGpC5BDJOaluQuT07aqpxHl1wDcZIv1Mg77KSI702gs%26dib_tag%3Dse%26keywords%3Dguitar%26qid%3D1717413583%26sprefix%3D%252Caps%252C212%26sr%3D8-58-spons%26sp_csd%3Dd2lkZ2V0TmFtZT1zcF9idGY%26psc%3D1
-,"SG Musical Guitar Belt, Guitar 4 pc. Silicon Protector, 4 pins",299,-,"Saturday, 8 June",In stock,https://www.amazon.in/sspa/click?ie=UTF8&spc=MTo2MjcxMjU4NDI1MTU4MTU0OjE3MTc0MTM1ODM6c3BfYnRmOjMwMDE1MTUyNjI3MzMzMjo6MDo6&url=%2FSG-Musical-Guitar-Silicon-Protector%2Fdp%2FB0BD47P3G1%2Fref%3Dsr_1_59_sspa%3Fcrid%3D1AK26YBQS39DZ%26dib%3DeyJ2IjoiMSJ9.H_dE0w8OHcmESxseNpLSv9VHAFZGAvnjiXP1ErC8wMb9qb2hwy7IU8xDKV0gPxtM5vblgBWj7EDxKlr338R-4kZ1boCfCg2_zLLmUzUPYSez5ORfZN8kxvWumuZytHYyRDHJ8UTu2lD1djyQau7Ce7b9WaAHd16INWZSKLVOdpNCXJmKds84xUnOAA_oBNQK_gKYjqaV9_vgfWmYIhTvXHEPFprasP5XHeNE9rqlcMpKq8NrRmCTzW_a6jrc61o0kpL81ZFix65hPsDy10kXdvLxJXqPKyRsgOTPqd5jhDw.AGpC5BDJOaluQuT07aqpxHl1wDcZIv1Mg77KSI702gs%26dib_tag%3Dse%26keywords%3Dguitar%26qid%3D1717413583%26sprefix%3D%252Caps%252C212%26sr%3D8-59-spons%26sp_csd%3Dd2lkZ2V0TmFtZT1zcF9idGY%26psc%3D1
-,Ketsicart White Pearl Guitar Binding Purfling Strip Celluloid Guitar Binding Material Guitar Parts Accessories 6MM,766,-,"Saturday, 8 June",Only 1 left in stock.,https://www.amazon.in/sspa/click?ie=UTF8&spc=MTo2MjcxMjU4NDI1MTU4MTU0OjE3MTc0MTM1ODM6c3BfYnRmOjMwMDEzMjUxNDYxODEzMjo6MDo6&url=%2FKetsicart-Purfling-Celluloid-Material-Accessories%2Fdp%2FB0CDS9V4WJ%2Fref%3Dsr_1_60_sspa%3Fcrid%3D1AK26YBQS39DZ%26dib%3DeyJ2IjoiMSJ9.H_dE0w8OHcmESxseNpLSv9VHAFZGAvnjiXP1ErC8wMb9qb2hwy7IU8xDKV0gPxtM5vblgBWj7EDxKlr338R-4kZ1boCfCg2_zLLmUzUPYSez5ORfZN8kxvWumuZytHYyRDHJ8UTu2lD1djyQau7Ce7b9WaAHd16INWZSKLVOdpNCXJmKds84xUnOAA_oBNQK_gKYjqaV9_vgfWmYIhTvXHEPFprasP5XHeNE9rqlcMpKq8NrRmCTzW_a6jrc61o0kpL81ZFix65hPsDy10kXdvLxJXqPKyRsgOTPqd5jhDw.AGpC5BDJOaluQuT07aqpxHl1wDcZIv1Mg77KSI702gs%26dib_tag%3Dse%26keywords%3Dguitar%26qid%3D1717413583%26sprefix%3D%252Caps%252C212%26sr%3D8-60-spons%26sp_csd%3Dd2lkZ2V0TmFtZT1zcF9idGY%26psc%3D1
Kadence,"Kadence Guitar Slowhand Series Premium Electric Acoustic Mahogany body Demi Cutaway Jumbo Guitar 41” Combo with Heavy Padded Bag, Instrument cable, Pro Capo, Picks, and String Set (Mahogany SH03)","10,499",7 days Replacement,"Saturday, 8 June",In stock,https://www.amazon.in/sspa/click?ie=UTF8&spc=MTo4NzYxNDI5ODU5NTI3MTU0OjE3MTc0MTM1OTk6c3BfYXRmX25leHQ6MjAwNjcxNDM0OTYyMDQ6OjA6Og&url=%2FKadence-Slowhand-Acoustic-Mahagony-Instrument%2Fdp%2FB077T7GXFV%2Fref%3Dsr_1_49_sspa%3Fcrid%3D1AK26YBQS39DZ%26dib%3DeyJ2IjoiMSJ9.5Jqjkw5PqNY7w0MTi9diU3IwxszpjnxxMPoP8wQAMC8Fk2VXT-GaTot_2o13L-85eP2gavYKjkE8oGjB_jaiCoiQnr3qkIF2HGcmvBRt5p4.FN6Er-Zw79maNSRHvudt--YHgHP3-5gftRKRCLyw5IU%26dib_tag%3Dse%26keywords%3Dguitar%26qid%3D1717413599%26sprefix%3D%252Caps%252C212%26sr%3D8-49-spons%26sp_csd%3Dd2lkZ2V0TmFtZT1zcF9hdGZfbmV4dA%26psc%3D1
Generic,"Guitar Kit Set Guitar Strings Changing Kit Guitar Tool Kit with 6 Strings, 6 Multicolored Picks, 1 String Winder cutter, 1 Guitar Tuner for Acoustic Guitars",699,-,"Thursday, 6 June",In stock,https://www.amazon.in/sspa/click?ie=UTF8&spc=MTo4NzYxNDI5ODU5NTI3MTU0OjE3MTc0MTM1OTk6c3BfYXRmX25leHQ6MzAwMTM0NjY2Mzc1MDMyOjowOjo&url=%2FStrings-Changing-Multicolored-Acoustic-Guitars%2Fdp%2FB0CNRY3DG6%2Fref%3Dsr_1_51_sspa%3Fcrid%3D1AK26YBQS39DZ%26dib%3DeyJ2IjoiMSJ9.5Jqjkw5PqNY7w0MTi9diU3IwxszpjnxxMPoP8wQAMC8Fk2VXT-GaTot_2o13L-85eP2gavYKjkE8oGjB_jaiCoiQnr3qkIF2HGcmvBRt5p4.FN6Er-Zw79maNSRHvudt--YHgHP3-5gftRKRCLyw5IU%26dib_tag%3Dse%26keywords%3Dguitar%26qid%3D1717413599%26sprefix%3D%252Caps%252C212%26sr%3D8-51-spons%26sp_csd%3Dd2lkZ2V0TmFtZT1zcF9hdGZfbmV4dA%26psc%3D1
-,AmericanElm Wooden Guitar Shape for Crafts and Decoration - Laser Cut - Guitar Decor - Miniature Guitar,189,-,"Sunday, 9 June",In stock,https://www.amazon.in/sspa/click?ie=UTF8&spc=MTo4NzYxNDI5ODU5NTI3MTU0OjE3MTc0MTM1OTk6c3BfYXRmX25leHQ6MzAwMDUxNDE4NzY4ODMyOjowOjo&url=%2FAmericanElm-Wooden-Guitar-Crafts-Decoration%2Fdp%2FB09BR4MKB8%2Fref%3Dsr_1_52_sspa%3Fcrid%3D1AK26YBQS39DZ%26dib%3DeyJ2IjoiMSJ9.5Jqjkw5PqNY7w0MTi9diU3IwxszpjnxxMPoP8wQAMC8Fk2VXT-GaTot_2o13L-85eP2gavYKjkE8oGjB_jaiCoiQnr3qkIF2HGcmvBRt5p4.FN6Er-Zw79maNSRHvudt--YHgHP3-5gftRKRCLyw5IU%26dib_tag%3Dse%26keywords%3Dguitar%26qid%3D1717413599%26sprefix%3D%252Caps%252C212%26sr%3D8-52-spons%26sp_csd%3Dd2lkZ2V0TmFtZT1zcF9hdGZfbmV4dA%26psc%3D1
VAULT,"Vault EA20 Guitar Kit with Learn to Play Ebook, Bag, Strings, Straps, Picks, String winder & Polishing Cloth - 40 inch Cutaway Acoustic Guitar Black","4,899",7 days Replacement,"Wednesday, 5 June",In stock,https://www.amazon.in/Guitar-Strings-Straps-String-Polishing/dp/B097N7NGHD/ref=sr_1_55?crid=1AK26YBQS39DZ&dib=eyJ2IjoiMSJ9.5Jqjkw5PqNY7w0MTi9diU3IwxszpjnxxMPoP8wQAMC8Fk2VXT-GaTot_2o13L-85eP2gavYKjkE8oGjB_jaiCoiQnr3qkIF2HGcmvBRt5p4.FN6Er-Zw79maNSRHvudt--YHgHP3-5gftRKRCLyw5IU&dib_tag=se&keywords=guitar&qid=1717413599&sprefix=%2Caps%2C212&sr=8-55
MOCKING BIRD,MOCKING BIRD 38c Acoustic Guitar for Beginners Musical Instruments For Adults premium kit wood curved cutaway design Guitar Accessories with string & 5 picks & bag for beige (Honey Brown),"3,136",7 days Replacement,"Wednesday, 5 June",In stock,https://www.amazon.in/MOCKING-BIRD-Beginners-Instruments-Accessories/dp/B0CP24BLFD/ref=sr_1_56?crid=1AK26YBQS39DZ&dib=eyJ2IjoiMSJ9.5Jqjkw5PqNY7w0MTi9diU3IwxszpjnxxMPoP8wQAMC8Fk2VXT-GaTot_2o13L-85eP2gavYKjkE8oGjB_jaiCoiQnr3qkIF2HGcmvBRt5p4.FN6Er-Zw79maNSRHvudt--YHgHP3-5gftRKRCLyw5IU&dib_tag=se&keywords=guitar&qid=1717413599&sprefix=%2Caps%2C212&sr=8-56
VAULT,"Vault EA20 Guitar Kit with Learn to Play Ebook, Bag, Strings, Straps, Picks, String winder & Polishing Cloth - 40 inch Cutaway Acoustic Guitar - Sunburst","4,899",7 days Replacement,"Wednesday, 5 June",In stock,https://www.amazon.in/Guitar-Strings-Straps-String-Polishing/dp/B097NBN2QY/ref=sr_1_57?crid=1AK26YBQS39DZ&dib=eyJ2IjoiMSJ9.5Jqjkw5PqNY7w0MTi9diU3IwxszpjnxxMPoP8wQAMC8Fk2VXT-GaTot_2o13L-85eP2gavYKjkE8oGjB_jaiCoiQnr3qkIF2HGcmvBRt5p4.FN6Er-Zw79maNSRHvudt--YHgHP3-5gftRKRCLyw5IU&dib_tag=se&keywords=guitar&qid=1717413599&sprefix=%2Caps%2C212&sr=8-57
Orangewood,ORANGEWOOD GUITARS Rey-M Grand Auditorium Cutaway Layered Mahogany Top 41 Inches Acoustic Guitar,"12,900",7 days Replacement,"Wednesday, 5 June",Only 2 left in stock.,https://www.amazon.in/Orangewood-Auditorium-Acoustic-Mahogany-Earthwood/dp/B07BN7JMX3/ref=sr_1_58?crid=1AK26YBQS39DZ&dib=eyJ2IjoiMSJ9.5Jqjkw5PqNY7w0MTi9diU3IwxszpjnxxMPoP8wQAMC8Fk2VXT-GaTot_2o13L-85eP2gavYKjkE8oGjB_jaiCoiQnr3qkIF2HGcmvBRt5p4.FN6Er-Zw79maNSRHvudt--YHgHP3-5gftRKRCLyw5IU&dib_tag=se&keywords=guitar&qid=1717413599&sprefix=%2Caps%2C212&sr=8-58
YAMAHA,"Yamaha F280 Acoustic sprucewood Guitar Dreadnought With Mexa Guitar Bag, Belt, String Set, Plectrums & Guitar StAnd (Tsb)","8,999",7 days Replacement,"Friday, 7 June",Only 2 left in stock.,https://www.amazon.in/Yamaha-F280-Acoustic-Dreadnought-Plectrum/dp/B08VN2V5V3/ref=sr_1_52?crid=1AK26YBQS39DZ&dib=eyJ2IjoiMSJ9.NTu4hS4ry6mPfgr1eBqiHHsYviAIbr85Xcb16YzHPlxqMRNazmj2BESkY_0jDthorTmZr03cVyF8aZj3vf86XmdEjk44KXInrY5KjoJ-H46PGME94QLJoOUZR79XnjawSGUz8MMlooLbQPTGAw2z2MukY0_e4JzqyZX1lChkSAFzR2JGLUxa2TIBPJMZulyzXftCfBbYcF1cUDPHkrjvZl4enoFACKQYu3BueRX74WfGmd84fbGKJIgOTwUkR8wbBLdpjytSLnbPBENuKEMVZVwUwbOSxMJXBmeO5RcJx1Y.cT64gtP6gNoh7hCOIlPdK73zKpiFvk69hM-Pb5D1IDc&dib_tag=se&keywords=guitar&qid=1717413599&sprefix=%2Caps%2C212&sr=8-52
-,DOMENICO Guitar 4-String plastic Acoustic Guitar Musical Instrument For Learning (23 Inches),949,7 days Replacement,"Wednesday, 5 June",In stock,https://www.amazon.in/DOMENICO-4-String-Acoustic-Instrument-Learning/dp/B09M9VKRK8/ref=sr_1_53?crid=1AK26YBQS39DZ&dib=eyJ2IjoiMSJ9.NTu4hS4ry6mPfgr1eBqiHHsYviAIbr85Xcb16YzHPlxqMRNazmj2BESkY_0jDthorTmZr03cVyF8aZj3vf86XmdEjk44KXInrY5KjoJ-H46PGME94QLJoOUZR79XnjawSGUz8MMlooLbQPTGAw2z2MukY0_e4JzqyZX1lChkSAFzR2JGLUxa2TIBPJMZulyzXftCfBbYcF1cUDPHkrjvZl4enoFACKQYu3BueRX74WfGmd84fbGKJIgOTwUkR8wbBLdpjytSLnbPBENuKEMVZVwUwbOSxMJXBmeO5RcJx1Y.cT64gtP6gNoh7hCOIlPdK73zKpiFvk69hM-Pb5D1IDc&dib_tag=se&keywords=guitar&qid=1717413599&sprefix=%2Caps%2C212&sr=8-53
Yamaha,Yamaha FS80C 25 Incheses sprucewood The Ultimate Concert Body Cutaway Acoustic Guitar (Black) With Bajaao Gig-Bag,"8,989",7 days Replacement,"Friday, 7 June",In stock,https://www.amazon.in/Ultimate-Concert-Cutaway-Acoustic-Bajaao/dp/B08WHWKKV5/ref=sr_1_54?crid=1AK26YBQS39DZ&dib=eyJ2IjoiMSJ9.NTu4hS4ry6mPfgr1eBqiHHsYviAIbr85Xcb16YzHPlxqMRNazmj2BESkY_0jDthorTmZr03cVyF8aZj3vf86XmdEjk44KXInrY5KjoJ-H46PGME94QLJoOUZR79XnjawSGUz8MMlooLbQPTGAw2z2MukY0_e4JzqyZX1lChkSAFzR2JGLUxa2TIBPJMZulyzXftCfBbYcF1cUDPHkrjvZl4enoFACKQYu3BueRX74WfGmd84fbGKJIgOTwUkR8wbBLdpjytSLnbPBENuKEMVZVwUwbOSxMJXBmeO5RcJx1Y.cT64gtP6gNoh7hCOIlPdK73zKpiFvk69hM-Pb5D1IDc&dib_tag=se&keywords=guitar&qid=1717413599&sprefix=%2Caps%2C212&sr=8-54
-,"Enya NOVA Go SP1 Carbon Fiber Acoustic Electric Guitar with Smart AcousticPlus 35 Inch Travel Acustica Guitarra Starter Bundle Kit of Gig Bag, Strap, Strings, Charging/ Instrument Cable(Black)",-,-,-,-,https://www.amazon.in/NOVA-SP1-Acoustic-AcousticPlus-Instrument/dp/B0BHZFCVL3/ref=sr_1_58?crid=1AK26YBQS39DZ&dib=eyJ2IjoiMSJ9.NTu4hS4ry6mPfgr1eBqiHHsYviAIbr85Xcb16YzHPlxqMRNazmj2BESkY_0jDthorTmZr03cVyF8aZj3vf86XmdEjk44KXInrY5KjoJ-H46PGME94QLJoOUZR79XnjawSGUz8MMlooLbQPTGAw2z2MukY0_e4JzqyZX1lChkSAFzR2JGLUxa2TIBPJMZulyzXftCfBbYcF1cUDPHkrjvZl4enoFACKQYu3BueRX74WfGmd84fbGKJIgOTwUkR8wbBLdpjytSLnbPBENuKEMVZVwUwbOSxMJXBmeO5RcJx1Y.cT64gtP6gNoh7hCOIlPdK73zKpiFvk69hM-Pb5D1IDc&dib_tag=se&keywords=guitar&qid=1717413599&sprefix=%2Caps%2C212&sr=8-58
Kadence,"Kadence Acoustica A01 34"" Spruce Wood Acoustic Guitar, Rosewood fretboard, Travel guitar, Small size guitar with bag and learning course (34"" Small Guitar)","4,799",7 days Replacement,"Saturday, 8 June",In stock,https://www.amazon.in/Kadence-Acoustica-Acoustic-Rosewood-fretboard/dp/B0CZ9HBCJS/ref=sr_1_59?crid=1AK26YBQS39DZ&dib=eyJ2IjoiMSJ9.NTu4hS4ry6mPfgr1eBqiHHsYviAIbr85Xcb16YzHPlxqMRNazmj2BESkY_0jDthorTmZr03cVyF8aZj3vf86XmdEjk44KXInrY5KjoJ-H46PGME94QLJoOUZR79XnjawSGUz8MMlooLbQPTGAw2z2MukY0_e4JzqyZX1lChkSAFzR2JGLUxa2TIBPJMZulyzXftCfBbYcF1cUDPHkrjvZl4enoFACKQYu3BueRX74WfGmd84fbGKJIgOTwUkR8wbBLdpjytSLnbPBENuKEMVZVwUwbOSxMJXBmeO5RcJx1Y.cT64gtP6gNoh7hCOIlPdK73zKpiFvk69hM-Pb5D1IDc&dib_tag=se&keywords=guitar&qid=1717413599&sprefix=%2Caps%2C212&sr=8-59
VAULT,"Vault EA20 Left Handed Acoustic Guitar with Learn to Play Ebook, Bag, Strings, Straps, Picks, String winder & Polishing Cloth - 40 inch Cutaway Acoustic Guitar Natural","4,949",7 days Replacement,"Thursday, 6 June",In stock,https://www.amazon.in/Vault-Cutaway-acoustic-Guitar-Natural/dp/B08WHGGSH9/ref=sr_1_61?crid=1AK26YBQS39DZ&dib=eyJ2IjoiMSJ9.NTu4hS4ry6mPfgr1eBqiHHsYviAIbr85Xcb16YzHPlxqMRNazmj2BESkY_0jDthorTmZr03cVyF8aZj3vf86XmdEjk44KXInrY5KjoJ-H46PGME94QLJoOUZR79XnjawSGUz8MMlooLbQPTGAw2z2MukY0_e4JzqyZX1lChkSAFzR2JGLUxa2TIBPJMZulyzXftCfBbYcF1cUDPHkrjvZl4enoFACKQYu3BueRX74WfGmd84fbGKJIgOTwUkR8wbBLdpjytSLnbPBENuKEMVZVwUwbOSxMJXBmeO5RcJx1Y.cT64gtP6gNoh7hCOIlPdK73zKpiFvk69hM-Pb5D1IDc&dib_tag=se&keywords=guitar&qid=1717413599&sprefix=%2Caps%2C212&sr=8-61
PS Signature,"Ps Signature 41Inch Acoustic Guitar Black Matte New Model (Free 1 Set Strings, 3 Picks, Bag & Belt) - Tonewood","3,799",-,"Saturday, 8 June",In stock,https://www.amazon.in/PS-Signature-41inch-Acoustic-Strings/dp/B0CGXL3VKG/ref=sr_1_62?crid=1AK26YBQS39DZ&dib=eyJ2IjoiMSJ9.NTu4hS4ry6mPfgr1eBqiHHsYviAIbr85Xcb16YzHPlxqMRNazmj2BESkY_0jDthorTmZr03cVyF8aZj3vf86XmdEjk44KXInrY5KjoJ-H46PGME94QLJoOUZR79XnjawSGUz8MMlooLbQPTGAw2z2MukY0_e4JzqyZX1lChkSAFzR2JGLUxa2TIBPJMZulyzXftCfBbYcF1cUDPHkrjvZl4enoFACKQYu3BueRX74WfGmd84fbGKJIgOTwUkR8wbBLdpjytSLnbPBENuKEMVZVwUwbOSxMJXBmeO5RcJx1Y.cT64gtP6gNoh7hCOIlPdK73zKpiFvk69hM-Pb5D1IDc&dib_tag=se&keywords=guitar&qid=1717413599&sprefix=%2Caps%2C212&sr=8-62
FESTRA,"Festra 38C, Acoustic Guitar Kit with Bag, Strap, One Pack Strings And 2 Picks - 38 Inch (Sunburst)","2,450",7 days Replacement,"Thursday, 6 June",In stock,https://www.amazon.in/Festra-38C-Acoustic-Strings-Sunburst/dp/B09JT67MS5/ref=sr_1_64?crid=1AK26YBQS39DZ&dib=eyJ2IjoiMSJ9.NTu4hS4ry6mPfgr1eBqiHHsYviAIbr85Xcb16YzHPlxqMRNazmj2BESkY_0jDthorTmZr03cVyF8aZj3vf86XmdEjk44KXInrY5KjoJ-H46PGME94QLJoOUZR79XnjawSGUz8MMlooLbQPTGAw2z2MukY0_e4JzqyZX1lChkSAFzR2JGLUxa2TIBPJMZulyzXftCfBbYcF1cUDPHkrjvZl4enoFACKQYu3BueRX74WfGmd84fbGKJIgOTwUkR8wbBLdpjytSLnbPBENuKEMVZVwUwbOSxMJXBmeO5RcJx1Y.cT64gtP6gNoh7hCOIlPdK73zKpiFvk69hM-Pb5D1IDc&dib_tag=se&keywords=guitar&qid=1717413599&sprefix=%2Caps%2C212&sr=8-64
VAULT,"Vault DA20 Dreadnought Acoustic Guitar With Gig-Bag, Picks, Strings Set, String Winder, Strap, Polishing Cloth And Allen Key","4,899",7 days Replacement,"Thursday, 6 June",In stock,https://www.amazon.in/Dreadnought-Acoustic-Gig-Bag-Strings-Polishing/dp/B0BJJRJVHY/ref=sr_1_65?crid=1AK26YBQS39DZ&dib=eyJ2IjoiMSJ9.NTu4hS4ry6mPfgr1eBqiHHsYviAIbr85Xcb16YzHPlxqMRNazmj2BESkY_0jDthorTmZr03cVyF8aZj3vf86XmdEjk44KXInrY5KjoJ-H46PGME94QLJoOUZR79XnjawSGUz8MMlooLbQPTGAw2z2MukY0_e4JzqyZX1lChkSAFzR2JGLUxa2TIBPJMZulyzXftCfBbYcF1cUDPHkrjvZl4enoFACKQYu3BueRX74WfGmd84fbGKJIgOTwUkR8wbBLdpjytSLnbPBENuKEMVZVwUwbOSxMJXBmeO5RcJx1Y.cT64gtP6gNoh7hCOIlPdK73zKpiFvk69hM-Pb5D1IDc&dib_tag=se&keywords=guitar&qid=1717413599&sprefix=%2Caps%2C212&sr=8-65
-,"GADGETS WRAP Logo Musical Instrument Guitar Sticker Decal (Black), Pack of 1, Vinyl",299,-,"Wednesday, 5 June",In stock,https://www.amazon.in/Gadgets-Pattren-Musical-Instument-Decal_IC90/dp/B07F8PY6DM/ref=sr_1_66?crid=1AK26YBQS39DZ&dib=eyJ2IjoiMSJ9.NTu4hS4ry6mPfgr1eBqiHHsYviAIbr85Xcb16YzHPlxqMRNazmj2BESkY_0jDthorTmZr03cVyF8aZj3vf86XmdEjk44KXInrY5KjoJ-H46PGME94QLJoOUZR79XnjawSGUz8MMlooLbQPTGAw2z2MukY0_e4JzqyZX1lChkSAFzR2JGLUxa2TIBPJMZulyzXftCfBbYcF1cUDPHkrjvZl4enoFACKQYu3BueRX74WfGmd84fbGKJIgOTwUkR8wbBLdpjytSLnbPBENuKEMVZVwUwbOSxMJXBmeO5RcJx1Y.cT64gtP6gNoh7hCOIlPdK73zKpiFvk69hM-Pb5D1IDc&dib_tag=se&keywords=guitar&qid=1717413599&sprefix=%2Caps%2C212&sr=8-66
WESTWOOD,Westwood (DC-10-TBK) Acoustic Guitar (Transparent Black),"9,690",7 days Replacement,"Wednesday, 5 June",Only 1 left in stock.,https://www.amazon.in/Westwood-DC-10Bk-Acoustic-Guitar-Black/dp/B0BX6B473D/ref=sr_1_69?crid=1AK26YBQS39DZ&dib=eyJ2IjoiMSJ9.NTu4hS4ry6mPfgr1eBqiHHsYviAIbr85Xcb16YzHPlxqMRNazmj2BESkY_0jDthorTmZr03cVyF8aZj3vf86XmdEjk44KXInrY5KjoJ-H46PGME94QLJoOUZR79XnjawSGUz8MMlooLbQPTGAw2z2MukY0_e4JzqyZX1lChkSAFzR2JGLUxa2TIBPJMZulyzXftCfBbYcF1cUDPHkrjvZl4enoFACKQYu3BueRX74WfGmd84fbGKJIgOTwUkR8wbBLdpjytSLnbPBENuKEMVZVwUwbOSxMJXBmeO5RcJx1Y.cT64gtP6gNoh7hCOIlPdK73zKpiFvk69hM-Pb5D1IDc&dib_tag=se&keywords=guitar&qid=1717413599&sprefix=%2Caps%2C212&sr=8-69
blueberry,"BLUEBERRY B40L, Acoustic Guitar Kit Inbuilt Truss Rod with Bag, Strap, One Pack Strings And Picks - 40 Inch (Classic Maroon)","4,590",7 days Replacement,"Thursday, 6 June",In stock,https://www.amazon.in/Blueberry-Acoustic-Inbuilt-Strings-Classic/dp/B09VLF8B8G/ref=sr_1_70?crid=1AK26YBQS39DZ&dib=eyJ2IjoiMSJ9.NTu4hS4ry6mPfgr1eBqiHHsYviAIbr85Xcb16YzHPlxqMRNazmj2BESkY_0jDthorTmZr03cVyF8aZj3vf86XmdEjk44KXInrY5KjoJ-H46PGME94QLJoOUZR79XnjawSGUz8MMlooLbQPTGAw2z2MukY0_e4JzqyZX1lChkSAFzR2JGLUxa2TIBPJMZulyzXftCfBbYcF1cUDPHkrjvZl4enoFACKQYu3BueRX74WfGmd84fbGKJIgOTwUkR8wbBLdpjytSLnbPBENuKEMVZVwUwbOSxMJXBmeO5RcJx1Y.cT64gtP6gNoh7hCOIlPdK73zKpiFvk69hM-Pb5D1IDc&dib_tag=se&keywords=guitar&qid=1717413599&sprefix=%2Caps%2C212&sr=8-70
VAULT,Vault ST1 Premium Electric Guitar - White,"8,899",7 days Replacement,"Friday, 7 June",In stock,https://www.amazon.in/Vault-ST1-Premium-Electric-Guitar/dp/B09GLYSJ8W/ref=sr_1_71?crid=1AK26YBQS39DZ&dib=eyJ2IjoiMSJ9.NTu4hS4ry6mPfgr1eBqiHHsYviAIbr85Xcb16YzHPlxqMRNazmj2BESkY_0jDthorTmZr03cVyF8aZj3vf86XmdEjk44KXInrY5KjoJ-H46PGME94QLJoOUZR79XnjawSGUz8MMlooLbQPTGAw2z2MukY0_e4JzqyZX1lChkSAFzR2JGLUxa2TIBPJMZulyzXftCfBbYcF1cUDPHkrjvZl4enoFACKQYu3BueRX74WfGmd84fbGKJIgOTwUkR8wbBLdpjytSLnbPBENuKEMVZVwUwbOSxMJXBmeO5RcJx1Y.cT64gtP6gNoh7hCOIlPdK73zKpiFvk69hM-Pb5D1IDc&dib_tag=se&keywords=guitar&qid=1717413599&sprefix=%2Caps%2C212&sr=8-71
Neowood,"Neowood FLYM, Acoustic Guitar with Touch Pikup, Bag, Plectrums, finger Protectors & Neowood String Set (Wine red)","5,234",7 days Replacement,"Wednesday, 5 June",In stock,https://www.amazon.in/Neowood-FLYM-Acoustic-Guitar-Plectrums/dp/B0BRJ7GB54/ref=sr_1_72?crid=1AK26YBQS39DZ&dib=eyJ2IjoiMSJ9.NTu4hS4ry6mPfgr1eBqiHHsYviAIbr85Xcb16YzHPlxqMRNazmj2BESkY_0jDthorTmZr03cVyF8aZj3vf86XmdEjk44KXInrY5KjoJ-H46PGME94QLJoOUZR79XnjawSGUz8MMlooLbQPTGAw2z2MukY0_e4JzqyZX1lChkSAFzR2JGLUxa2TIBPJMZulyzXftCfBbYcF1cUDPHkrjvZl4enoFACKQYu3BueRX74WfGmd84fbGKJIgOTwUkR8wbBLdpjytSLnbPBENuKEMVZVwUwbOSxMJXBmeO5RcJx1Y.cT64gtP6gNoh7hCOIlPdK73zKpiFvk69hM-Pb5D1IDc&dib_tag=se&keywords=guitar&qid=1717413599&sprefix=%2Caps%2C212&sr=8-72
Fender,Fender Acoustic Guitar Pack > Fa-115 Nat (0971210721) - Rosewood,"10,999",7 days Replacement,"Wednesday, 5 June",In stock,https://www.amazon.in/Fender-FA-115-Dreadnought-Acoustic-Guitar/dp/B07NMDYPVH/ref=sr_1_73?crid=1AK26YBQS39DZ&dib=eyJ2IjoiMSJ9.NTu4hS4ry6mPfgr1eBqiHHsYviAIbr85Xcb16YzHPlxqMRNazmj2BESkY_0jDthorTmZr03cVyF8aZj3vf86XmdEjk44KXInrY5KjoJ-H46PGME94QLJoOUZR79XnjawSGUz8MMlooLbQPTGAw2z2MukY0_e4JzqyZX1lChkSAFzR2JGLUxa2TIBPJMZulyzXftCfBbYcF1cUDPHkrjvZl4enoFACKQYu3BueRX74WfGmd84fbGKJIgOTwUkR8wbBLdpjytSLnbPBENuKEMVZVwUwbOSxMJXBmeO5RcJx1Y.cT64gtP6gNoh7hCOIlPdK73zKpiFvk69hM-Pb5D1IDc&dib_tag=se&keywords=guitar&qid=1717413599&sprefix=%2Caps%2C212&sr=8-73
MOCKING BIRD,MOCKING BIRD 38c Acoustic Guitar for Beginners Musical Instruments For Adults premium kit wood curved cutaway design Guitar Accessories with string & 5 picks & bag for beige (Red),"3,298",7 days Replacement,"Wednesday, 5 June",Only 1 left in stock.,https://www.amazon.in/MOCKING-BIRD-Beginners-Instruments-Accessories/dp/B0CMXHQH75/ref=sr_1_74?crid=1AK26YBQS39DZ&dib=eyJ2IjoiMSJ9.NTu4hS4ry6mPfgr1eBqiHHsYviAIbr85Xcb16YzHPlxqMRNazmj2BESkY_0jDthorTmZr03cVyF8aZj3vf86XmdEjk44KXInrY5KjoJ-H46PGME94QLJoOUZR79XnjawSGUz8MMlooLbQPTGAw2z2MukY0_e4JzqyZX1lChkSAFzR2JGLUxa2TIBPJMZulyzXftCfBbYcF1cUDPHkrjvZl4enoFACKQYu3BueRX74WfGmd84fbGKJIgOTwUkR8wbBLdpjytSLnbPBENuKEMVZVwUwbOSxMJXBmeO5RcJx1Y.cT64gtP6gNoh7hCOIlPdK73zKpiFvk69hM-Pb5D1IDc&dib_tag=se&keywords=guitar&qid=1717413599&sprefix=%2Caps%2C212&sr=8-74
Armonia,"Armonia A-38C 38inch Acoustic Guitar Kit with Bag, Strap, One Pack Strings And 2 Picks (Black)","2,349",7 days Replacement,"Saturday, 8 June",Only 1 left in stock.,https://www.amazon.in/Armonia-38inch-Acoustic-Guitar-Strings/dp/B0CJ5KXSQ6/ref=sr_1_77?crid=1AK26YBQS39DZ&dib=eyJ2IjoiMSJ9.NTu4hS4ry6mPfgr1eBqiHHsYviAIbr85Xcb16YzHPlxqMRNazmj2BESkY_0jDthorTmZr03cVyF8aZj3vf86XmdEjk44KXInrY5KjoJ-H46PGME94QLJoOUZR79XnjawSGUz8MMlooLbQPTGAw2z2MukY0_e4JzqyZX1lChkSAFzR2JGLUxa2TIBPJMZulyzXftCfBbYcF1cUDPHkrjvZl4enoFACKQYu3BueRX74WfGmd84fbGKJIgOTwUkR8wbBLdpjytSLnbPBENuKEMVZVwUwbOSxMJXBmeO5RcJx1Y.cT64gtP6gNoh7hCOIlPdK73zKpiFvk69hM-Pb5D1IDc&dib_tag=se&keywords=guitar&qid=1717413599&sprefix=%2Caps%2C212&sr=8-77
Yamaha,Yamaha PACIFICA012 Agathis Wood Electric Guitar - Black,"17,490",7 days Replacement,"Thursday, 6 June",In stock,https://www.amazon.in/Yamaha-Pacifica-PAC012-Electric-Guitar/dp/B00123DQT6/ref=sr_1_80?crid=1AK26YBQS39DZ&dib=eyJ2IjoiMSJ9.NTu4hS4ry6mPfgr1eBqiHHsYviAIbr85Xcb16YzHPlxqMRNazmj2BESkY_0jDthorTmZr03cVyF8aZj3vf86XmdEjk44KXInrY5KjoJ-H46PGME94QLJoOUZR79XnjawSGUz8MMlooLbQPTGAw2z2MukY0_e4JzqyZX1lChkSAFzR2JGLUxa2TIBPJMZulyzXftCfBbYcF1cUDPHkrjvZl4enoFACKQYu3BueRX74WfGmd84fbGKJIgOTwUkR8wbBLdpjytSLnbPBENuKEMVZVwUwbOSxMJXBmeO5RcJx1Y.cT64gtP6gNoh7hCOIlPdK73zKpiFvk69hM-Pb5D1IDc&dib_tag=se&keywords=guitar&qid=1717413599&sprefix=%2Caps%2C212&sr=8-80
Donner,"Donner Silent Guitar, Mahogany","23,879",7 days Replacement,"Saturday, 8 June",Only 1 left in stock.,https://www.amazon.in/Donner-Silent-Guitar-Mahogany/dp/B09Q8CXL2K/ref=sr_1_81?crid=1AK26YBQS39DZ&dib=eyJ2IjoiMSJ9.NTu4hS4ry6mPfgr1eBqiHHsYviAIbr85Xcb16YzHPlxqMRNazmj2BESkY_0jDthorTmZr03cVyF8aZj3vf86XmdEjk44KXInrY5KjoJ-H46PGME94QLJoOUZR79XnjawSGUz8MMlooLbQPTGAw2z2MukY0_e4JzqyZX1lChkSAFzR2JGLUxa2TIBPJMZulyzXftCfBbYcF1cUDPHkrjvZl4enoFACKQYu3BueRX74WfGmd84fbGKJIgOTwUkR8wbBLdpjytSLnbPBENuKEMVZVwUwbOSxMJXBmeO5RcJx1Y.cT64gtP6gNoh7hCOIlPdK73zKpiFvk69hM-Pb5D1IDc&dib_tag=se&keywords=guitar&qid=1717413599&sprefix=%2Caps%2C212&sr=8-81
AEROBAND,"AeroBand Guitar Stringless, Acoustic Electric Travel Guitar, Portable Silent Guitar with Removable Fretboard Smart Guitar for Beginners, Adults, Teenagers, Gift","49,999",-,"Thursday, 13 June",Only 1 left in stock.,https://www.amazon.in/Stringless-Removable-Fretboard-Beginners-Teenagers/dp/B0CJ4QWR9Y/ref=sr_1_82?crid=1AK26YBQS39DZ&dib=eyJ2IjoiMSJ9.NTu4hS4ry6mPfgr1eBqiHHsYviAIbr85Xcb16YzHPlxqMRNazmj2BESkY_0jDthorTmZr03cVyF8aZj3vf86XmdEjk44KXInrY5KjoJ-H46PGME94QLJoOUZR79XnjawSGUz8MMlooLbQPTGAw2z2MukY0_e4JzqyZX1lChkSAFzR2JGLUxa2TIBPJMZulyzXftCfBbYcF1cUDPHkrjvZl4enoFACKQYu3BueRX74WfGmd84fbGKJIgOTwUkR8wbBLdpjytSLnbPBENuKEMVZVwUwbOSxMJXBmeO5RcJx1Y.cT64gtP6gNoh7hCOIlPdK73zKpiFvk69hM-Pb5D1IDc&dib_tag=se&keywords=guitar&qid=1717413599&sprefix=%2Caps%2C212&sr=8-82
VAULT,Vault EA40TBK 41 inch Premium Solid Spruce-Top Cutaway Acoustic Guitar (Black),"7,399",7 days Replacement,"Thursday, 6 June",In stock,https://www.amazon.in/EA40TBK-Premium-Spruce-Top-Cutaway-Acoustic/dp/B0BW3QYHV1/ref=sr_1_83?crid=1AK26YBQS39DZ&dib=eyJ2IjoiMSJ9.NTu4hS4ry6mPfgr1eBqiHHsYviAIbr85Xcb16YzHPlxqMRNazmj2BESkY_0jDthorTmZr03cVyF8aZj3vf86XmdEjk44KXInrY5KjoJ-H46PGME94QLJoOUZR79XnjawSGUz8MMlooLbQPTGAw2z2MukY0_e4JzqyZX1lChkSAFzR2JGLUxa2TIBPJMZulyzXftCfBbYcF1cUDPHkrjvZl4enoFACKQYu3BueRX74WfGmd84fbGKJIgOTwUkR8wbBLdpjytSLnbPBENuKEMVZVwUwbOSxMJXBmeO5RcJx1Y.cT64gtP6gNoh7hCOIlPdK73zKpiFvk69hM-Pb5D1IDc&dib_tag=se&keywords=guitar&qid=1717413599&sprefix=%2Caps%2C212&sr=8-83
Cort,Cort GA-MEDX 25.5 Inches Wood Electro Acoustic Guitar With Bag.(OP),"14,945",7 days Replacement,"Friday, 7 June",Only 1 left in stock.,https://www.amazon.in/Cort-GA-MEDX-Electro-Acoustic-Guitar/dp/B09Y3FVX6Y/ref=sr_1_84?crid=1AK26YBQS39DZ&dib=eyJ2IjoiMSJ9.NTu4hS4ry6mPfgr1eBqiHHsYviAIbr85Xcb16YzHPlxqMRNazmj2BESkY_0jDthorTmZr03cVyF8aZj3vf86XmdEjk44KXInrY5KjoJ-H46PGME94QLJoOUZR79XnjawSGUz8MMlooLbQPTGAw2z2MukY0_e4JzqyZX1lChkSAFzR2JGLUxa2TIBPJMZulyzXftCfBbYcF1cUDPHkrjvZl4enoFACKQYu3BueRX74WfGmd84fbGKJIgOTwUkR8wbBLdpjytSLnbPBENuKEMVZVwUwbOSxMJXBmeO5RcJx1Y.cT64gtP6gNoh7hCOIlPdK73zKpiFvk69hM-Pb5D1IDc&dib_tag=se&keywords=guitar&qid=1717413599&sprefix=%2Caps%2C212&sr=8-84
Medellin,"Medellin Acoustic Guitar + (Free online learning Course) Neon Green with Strings,Bag,Picks and guitar strap.","2,599",7 days Replacement,"Saturday, 8 June",In stock,https://www.amazon.in/Medellin-Acoustic-Guitar-learning-Strings/dp/B0CCNS2NDX/ref=sr_1_85?crid=1AK26YBQS39DZ&dib=eyJ2IjoiMSJ9.NTu4hS4ry6mPfgr1eBqiHHsYviAIbr85Xcb16YzHPlxqMRNazmj2BESkY_0jDthorTmZr03cVyF8aZj3vf86XmdEjk44KXInrY5KjoJ-H46PGME94QLJoOUZR79XnjawSGUz8MMlooLbQPTGAw2z2MukY0_e4JzqyZX1lChkSAFzR2JGLUxa2TIBPJMZulyzXftCfBbYcF1cUDPHkrjvZl4enoFACKQYu3BueRX74WfGmd84fbGKJIgOTwUkR8wbBLdpjytSLnbPBENuKEMVZVwUwbOSxMJXBmeO5RcJx1Y.cT64gtP6gNoh7hCOIlPdK73zKpiFvk69hM-Pb5D1IDc&dib_tag=se&keywords=guitar&qid=1717413599&sprefix=%2Caps%2C212&sr=8-85
Intern,"INTERN 41 inches Acoustic Guitar with truss rod. Includes carry bag, strings pack, strap & plectrums. Premium Wooden durable","4,324",7 days Replacement,"Friday, 7 June",In stock,https://www.amazon.in/Acoustic-plectrums-stability-age-groups-Sparkling/dp/B09YH8C4D5/ref=sr_1_86?crid=1AK26YBQS39DZ&dib=eyJ2IjoiMSJ9.NTu4hS4ry6mPfgr1eBqiHHsYviAIbr85Xcb16YzHPlxqMRNazmj2BESkY_0jDthorTmZr03cVyF8aZj3vf86XmdEjk44KXInrY5KjoJ-H46PGME94QLJoOUZR79XnjawSGUz8MMlooLbQPTGAw2z2MukY0_e4JzqyZX1lChkSAFzR2JGLUxa2TIBPJMZulyzXftCfBbYcF1cUDPHkrjvZl4enoFACKQYu3BueRX74WfGmd84fbGKJIgOTwUkR8wbBLdpjytSLnbPBENuKEMVZVwUwbOSxMJXBmeO5RcJx1Y.cT64gtP6gNoh7hCOIlPdK73zKpiFvk69hM-Pb5D1IDc&dib_tag=se&keywords=guitar&qid=1717413599&sprefix=%2Caps%2C212&sr=8-86
Henrix,"Henrix 38CE 38 Inch Cutaway Electro-Acoustic Guitar With Dual Action Truss Rod, Gigbag, Picks, String Set, String Winder, Strap, Polishing Cloth & Ebook - Natural","3,999",7 days Replacement,"Thursday, 6 June",In stock,https://www.amazon.in/Henrix-Cutaway-Electro-Acoustic-Guitar-Polishing/dp/B0BJJTZPY8/ref=sr_1_87?crid=1AK26YBQS39DZ&dib=eyJ2IjoiMSJ9.NTu4hS4ry6mPfgr1eBqiHHsYviAIbr85Xcb16YzHPlxqMRNazmj2BESkY_0jDthorTmZr03cVyF8aZj3vf86XmdEjk44KXInrY5KjoJ-H46PGME94QLJoOUZR79XnjawSGUz8MMlooLbQPTGAw2z2MukY0_e4JzqyZX1lChkSAFzR2JGLUxa2TIBPJMZulyzXftCfBbYcF1cUDPHkrjvZl4enoFACKQYu3BueRX74WfGmd84fbGKJIgOTwUkR8wbBLdpjytSLnbPBENuKEMVZVwUwbOSxMJXBmeO5RcJx1Y.cT64gtP6gNoh7hCOIlPdK73zKpiFvk69hM-Pb5D1IDc&dib_tag=se&keywords=guitar&qid=1717413599&sprefix=%2Caps%2C212&sr=8-87
Kadence,"Kadence Frontier Series Semi Acoustic Guitar With Die Cast Keys Natural Super Combo, Capo, Bag, strap, strings and 3 picks)","5,899",7 days Replacement,"Monday, 10 June",In stock,https://www.amazon.in/Kadence-Frontier-Acoustic-Equalizer-Foldable/dp/B01I50UMPO/ref=sr_1_88?crid=1AK26YBQS39DZ&dib=eyJ2IjoiMSJ9.NTu4hS4ry6mPfgr1eBqiHHsYviAIbr85Xcb16YzHPlxqMRNazmj2BESkY_0jDthorTmZr03cVyF8aZj3vf86XmdEjk44KXInrY5KjoJ-H46PGME94QLJoOUZR79XnjawSGUz8MMlooLbQPTGAw2z2MukY0_e4JzqyZX1lChkSAFzR2JGLUxa2TIBPJMZulyzXftCfBbYcF1cUDPHkrjvZl4enoFACKQYu3BueRX74WfGmd84fbGKJIgOTwUkR8wbBLdpjytSLnbPBENuKEMVZVwUwbOSxMJXBmeO5RcJx1Y.cT64gtP6gNoh7hCOIlPdK73zKpiFvk69hM-Pb5D1IDc&dib_tag=se&keywords=guitar&qid=1717413599&sprefix=%2Caps%2C212&sr=8-88
Orangewood,ORANGEWOOD OW-VICTORIA-S ACOUSTIC GUITAR,"10,559",7 days Replacement,"Wednesday, 5 June",Only 1 left in stock.,https://www.amazon.in/ORANGEWOOD-GUITARS-OW-VICTORIA-S-ACOUSTIC-GUITAR/dp/B077C2PZXV/ref=sr_1_89?crid=1AK26YBQS39DZ&dib=eyJ2IjoiMSJ9.NTu4hS4ry6mPfgr1eBqiHHsYviAIbr85Xcb16YzHPlxqMRNazmj2BESkY_0jDthorTmZr03cVyF8aZj3vf86XmdEjk44KXInrY5KjoJ-H46PGME94QLJoOUZR79XnjawSGUz8MMlooLbQPTGAw2z2MukY0_e4JzqyZX1lChkSAFzR2JGLUxa2TIBPJMZulyzXftCfBbYcF1cUDPHkrjvZl4enoFACKQYu3BueRX74WfGmd84fbGKJIgOTwUkR8wbBLdpjytSLnbPBENuKEMVZVwUwbOSxMJXBmeO5RcJx1Y.cT64gtP6gNoh7hCOIlPdK73zKpiFvk69hM-Pb5D1IDc&dib_tag=se&keywords=guitar&qid=1717413599&sprefix=%2Caps%2C212&sr=8-89
Kadence,"Kadence Slowhand Mahogany Top SHM03, Premium Semi Acoustic Guitar, 38"" Size Travel Guitar, Demi-cutaway design, With padded bag and preamp","8,999",7 days Replacement,"Wednesday, 12 June",Only 1 left in stock.,https://www.amazon.in/Kadence-Slowhand-Premium-Acoustic-Mahogany/dp/B09SFXW1VL/ref=sr_1_90?crid=1AK26YBQS39DZ&dib=eyJ2IjoiMSJ9.NTu4hS4ry6mPfgr1eBqiHHsYviAIbr85Xcb16YzHPlxqMRNazmj2BESkY_0jDthorTmZr03cVyF8aZj3vf86XmdEjk44KXInrY5KjoJ-H46PGME94QLJoOUZR79XnjawSGUz8MMlooLbQPTGAw2z2MukY0_e4JzqyZX1lChkSAFzR2JGLUxa2TIBPJMZulyzXftCfBbYcF1cUDPHkrjvZl4enoFACKQYu3BueRX74WfGmd84fbGKJIgOTwUkR8wbBLdpjytSLnbPBENuKEMVZVwUwbOSxMJXBmeO5RcJx1Y.cT64gtP6gNoh7hCOIlPdK73zKpiFvk69hM-Pb5D1IDc&dib_tag=se&keywords=guitar&qid=1717413599&sprefix=%2Caps%2C212&sr=8-90
-,AmericanElm Wooden Guitar Shape for Crafts and Decoration - Laser Cut - Guitar Decor - Miniature Guitar,269,-,"Sunday, 9 June",In stock,https://www.amazon.in/sspa/click?ie=UTF8&spc=MTo0NDEyMTk5NTM4MTM0MTU0OjE3MTc0MTM2MDQ6c3BfYXRmX25leHQ6MzAwMDUxNDE4NzY4OTMyOjowOjo&url=%2FAmericanElm-Wooden-Guitar-Crafts-Decoration%2Fdp%2FB09BR659CK%2Fref%3Dsr_1_97_sspa%3Fcrid%3D1AK26YBQS39DZ%26dib%3DeyJ2IjoiMSJ9.3_ll4E5UiEkhFUpDusn3o5eFNHlnThHMY7uzX5mY_EIfn_fNvusHZAGTxOwL8FWl0uiMpxdg36uiu0FFUoQrDHysGM0Ie0hDm-aStOwoQLHoZBQh9CZbRkuNLG9EFskZTP5pjv4jJ_sMVZR5WFmsaA.pUPL0mH8nyOEg89IMTE36kOIJXE5VKlErrogAno5fgQ%26dib_tag%3Dse%26keywords%3Dguitar%26qid%3D1717413604%26sprefix%3D%252Caps%252C212%26sr%3D8-97-spons%26sp_csd%3Dd2lkZ2V0TmFtZT1zcF9hdGZfbmV4dA%26psc%3D1
KETOSTICS,"Ketostics® Givson Venus Special Guitar Combo (BLUE) Acoustic Guitar With Cover/Bag, Rhythm String Set, Strap and 5 Plectrums","4,399",-,"Thursday, 6 June",In stock,https://www.amazon.in/Ketostics%C2%AE-Givson-Special-Acoustic-Plectrums/dp/B09P51C43J/ref=sr_1_99?crid=1AK26YBQS39DZ&dib=eyJ2IjoiMSJ9.3_ll4E5UiEkhFUpDusn3o5eFNHlnThHMY7uzX5mY_EIfn_fNvusHZAGTxOwL8FWl0uiMpxdg36uiu0FFUoQrDHysGM0Ie0hDm-aStOwoQLHoZBQh9CZbRkuNLG9EFskZTP5pjv4jJ_sMVZR5WFmsaA.pUPL0mH8nyOEg89IMTE36kOIJXE5VKlErrogAno5fgQ&dib_tag=se&keywords=guitar&qid=1717413604&sprefix=%2Caps%2C212&sr=8-99
Henrix,"Henrix 38CE 38 Inch Cutaway Electro-Acoustic Guitar With Dual Action Truss Rod, Gigbag, Picks, String Set, String Winder, Strap, Polishing Cloth & Ebook - Natural","3,999",7 days Replacement,"Thursday, 6 June",In stock,https://www.amazon.in/Henrix-Cutaway-Electro-Acoustic-Guitar-Polishing/dp/B0BJJTZPY8/ref=sr_1_102?crid=1AK26YBQS39DZ&dib=eyJ2IjoiMSJ9.3_ll4E5UiEkhFUpDusn3o5eFNHlnThHMY7uzX5mY_EIfn_fNvusHZAGTxOwL8FWl0uiMpxdg36uiu0FFUoQrDHysGM0Ie0hDm-aStOwoQLHoZBQh9CZbRkuNLG9EFskZTP5pjv4jJ_sMVZR5WFmsaA.pUPL0mH8nyOEg89IMTE36kOIJXE5VKlErrogAno5fgQ&dib_tag=se&keywords=guitar&qid=1717413604&sprefix=%2Caps%2C212&sr=8-102
Kadence,"Kadence Frontier 34inch guitar for Kids, Travel Guitar for Adult Acoustic Guitar with Set of Strings, Strap, Picks and Bag (Sunburst Guitar)","3,499",7 days Replacement,"Saturday, 8 June",In stock,https://www.amazon.in/Kadence-Professional-Guitar-Sunburst-Strings/dp/B07SXH9JKX/ref=sr_1_104?crid=1AK26YBQS39DZ&dib=eyJ2IjoiMSJ9.3_ll4E5UiEkhFUpDusn3o5eFNHlnThHMY7uzX5mY_EIfn_fNvusHZAGTxOwL8FWl0uiMpxdg36uiu0FFUoQrDHysGM0Ie0hDm-aStOwoQLHoZBQh9CZbRkuNLG9EFskZTP5pjv4jJ_sMVZR5WFmsaA.pUPL0mH8nyOEg89IMTE36kOIJXE5VKlErrogAno5fgQ&dib_tag=se&keywords=guitar&qid=1717413604&sprefix=%2Caps%2C212&sr=8-104
-,SAHAJ ENTERPRISES 4 String Acoustic Décor Guitar Children's Educational Musical Instrument Child Learning Random Brown Best Gift 24 Inch Kids Keep Tone Picks Strap Ability Beginner Sound (Guitar),850,-,"Friday, 7 June",In stock,https://www.amazon.in/ENTERPRISES-Acoustic-D%C3%A9cor-Guitar-Educational/dp/B0BZ8Q7CT6/ref=sr_1_105?crid=1AK26YBQS39DZ&dib=eyJ2IjoiMSJ9.3_ll4E5UiEkhFUpDusn3o5eFNHlnThHMY7uzX5mY_EIfn_fNvusHZAGTxOwL8FWl0uiMpxdg36uiu0FFUoQrDHysGM0Ie0hDm-aStOwoQLHoZBQh9CZbRkuNLG9EFskZTP5pjv4jJ_sMVZR5WFmsaA.pUPL0mH8nyOEg89IMTE36kOIJXE5VKlErrogAno5fgQ&dib_tag=se&keywords=guitar&qid=1717413604&sprefix=%2Caps%2C212&sr=8-105
STANDZO,"STANDZO Rosewood Yamaha F280 Acoustic Guitar, Natural With Padded Carry Bag, Belt, Picks, String and Learning Book Combo Pack","8,699",7 days Replacement,"Sunday, 9 June",Only 1 left in stock.,https://www.amazon.in/Standzo-Yamaha-F280-Acoustic-Natural/dp/B08G556DD9/ref=sr_1_106?crid=1AK26YBQS39DZ&dib=eyJ2IjoiMSJ9.3_ll4E5UiEkhFUpDusn3o5eFNHlnThHMY7uzX5mY_EIfn_fNvusHZAGTxOwL8FWl0uiMpxdg36uiu0FFUoQrDHysGM0Ie0hDm-aStOwoQLHoZBQh9CZbRkuNLG9EFskZTP5pjv4jJ_sMVZR5WFmsaA.pUPL0mH8nyOEg89IMTE36kOIJXE5VKlErrogAno5fgQ&dib_tag=se&keywords=guitar&qid=1717413604&sprefix=%2Caps%2C212&sr=8-106
Kadence,"Kadence Acoustica A06 34"" Ash wood Electric Acoustic Guitar, Rosewood fretboard, Travel Guitar Small Size for Kids and Adult with Pickup, Inbuilt tuner (34"" Small Guitar)","5,249",7 days Replacement,"Saturday, 8 June",In stock,https://www.amazon.in/Kadence-Acoustica-Electric-Acoustic-fretboard/dp/B0CZ8RQYS1/ref=sr_1_97?crid=1AK26YBQS39DZ&dib=eyJ2IjoiMSJ9._n62gE-Ajc_Hgyn3lUMR4KnL4_mPlGSG2bA0lLYHQgFCop471OAYIN9eNWmwtBV8aFisPZ-86uP8U_kCIUEiZNO7ynYnw8phlnSzi5SDJYNKR7j62IEvs4YVQ7t6-uBhZKdOENFSL0VvTh1-8JN0EL8Rpwg3HjAt-2Uj-NaHJWHnSm5PjcoEifymaaU6mUNiw7lTs-7-nFrbt6FAuESJJy7aiaszUZcUSyA05jghJEWBnC19GkieXn6N2925QOh0ld-wBCawqgzgYIKs6wH0QSO5lZuaZrjkAb0ssZWpzo0.M2zosluLmD-Sg03zo1Q3I5kITRm3lujhC5iYkwk1Yjw&dib_tag=se&keywords=guitar&qid=1717413604&sprefix=%2Caps%2C212&sr=8-97
